"industria","ingresos_anuales","utilidad_neta","ebitda","crecimiento_industria","saldo_promedio_mensual","saldo_promedio_semestral","saldo_promedio_anual","ingresos_cuenta","Egresos","Deposito cuenta propia","impacto_cluster"
"Servicios Financieros",-0.433454243503077,-0.433454243503077,-0.456712425509115,-0.176082930010546,-0.433454243503077,-0.383945745647627,-0.433454243503077,-0.418870938352258,-0.453270274041034,-0.165576370267422,"Bajo"
"Servicios Financieros",-0.425390602065326,-0.425390602065326,-0.477140941688652,-0.176082930010546,-0.425390602065326,-0.3856932758933,-0.425390602065326,-0.418004453043985,-0.4578619402907,-0.165645519344704,"Bajo"
"Servicios Financieros",-0.431599605972395,-0.431599605972394,-0.459522991586213,1.90885887041163,-0.431599605972395,-0.385089290785349,-0.431599605972395,-0.419260459270656,-0.459241186046303,-0.165576370267422,"Medio"
"Servicios Financieros",-0.432647879359302,-0.432647879359302,-0.473204979330109,1.90885887041163,-0.432647879359302,-0.38582615261705,-0.432647879359302,-0.417257208833181,-0.457041376360151,-0.165645519344704,"Medio"
"Servicios Financieros",-0.428616058640427,-0.428616058640426,-0.480668041260953,0.00478741545194564,-0.428616058640427,-0.38432826954933,-0.428616058640427,-0.415325503054187,-0.454920131305648,-0.16550722119014,"Bajo"
"Servicios Financieros",-0.436155563384724,-0.436155563384724,2.2497895910743,0.00478741545194564,-0.436155563384724,-0.385850312021368,-0.436155563384724,-0.415969404980518,-0.455627212990482,-0.165645519344704,"Bajo"
"Servicios Financieros",-0.435018589942001,-0.435018589942001,-0.475228235950439,0.00478741545194564,-0.435018589942001,-0.385101370487508,-0.435018589942001,-0.415134717298237,-0.454710625621252,-0.165576370267422,"Bajo"
"Servicios Financieros",-0.434542835097174,-0.434542835097174,-0.463181699351511,-0.669365690362794,-0.434542835097174,-0.38356724831331,-0.434542835097174,-0.415818366257058,-0.455461354323669,-0.165299773958295,"Bajo"
"Servicios Financieros",-0.434937953527624,-0.434937953527624,-0.444565281758207,-0.176082930010546,-0.434937953527624,-0.384714820018419,-0.434937953527624,-0.41691538435377,-0.456666012008942,-0.165645519344704,"Bajo"
"Servicios Financieros",-0.423326309857262,-0.423326309857261,2.60855352518223,-0.669365690362794,-0.423326309857262,-0.377793150681291,-0.423326309857262,-0.403830661258196,-0.442297413820825,-0.164746581340041,"Bajo"
"Servicios Financieros",-0.433938061989343,-0.433938061989342,-0.436485708558838,1.90885887041163,-0.433938061989343,-0.384412827464443,-0.433938061989343,-0.414618005875872,-0.454143214392681,-0.16550722119014,"Medio"
"Servicios Financieros",-0.433430052578764,-0.433430052578764,-0.47852721465488,0.00478741545194564,-0.433430052578764,-0.384171233421262,-0.433430052578764,-0.415373199493174,-0.454404740195991,-0.165576370267422,"Bajo"
"Servicios Financieros",-0.433357479805824,-0.433357479805824,-0.452837295382001,0.00478741545194564,-0.433357479805824,-0.385234247211257,-0.433357479805824,-0.412821440007342,-0.445469928470241,-0.165576370267422,"Bajo"
"Servicios Financieros",-0.432930106809624,-0.432930106809623,-0.465383943114316,0.00478741545194564,-0.432930106809624,-0.383096139929108,-0.432930106809624,-0.411191811675269,-0.450380841477081,-0.16550722119014,"Bajo"
"Servicios Financieros",-0.430293296059479,-0.430293296059479,-0.465692198748578,1.90885887041163,-0.430293296059479,-0.384267871038534,-0.430293296059479,-0.411636978439152,-0.450869688074003,-0.165576370267422,"Medio"
"Servicios Financieros",-0.42881764967637,-0.42881764967637,-0.460224317023558,-0.176082930010546,-0.42881764967637,-0.380052054985031,-0.42881764967637,-0.411764168943119,-0.451009358530267,-0.165161475803731,"Bajo"
"Servicios Financieros",-0.430817432752933,-0.430817432752933,-0.468709243457355,-0.850236035825286,-0.430817432752933,-0.383144458737744,-0.430817432752933,-0.410532010935942,-0.451865018225973,-0.16550722119014,"Bajo"
"Servicios Financieros",-0.431156105693318,-0.431156105693318,-0.461291220774782,-0.176082930010546,-0.431156105693318,-0.385040971976713,-0.431156105693318,-0.41329045499072,-0.435483668998486,-0.165576370267422,"Bajo"
"Servicios Financieros",-0.426293729906354,-0.426293729906354,-0.463953800750422,-0.850236035825286,-0.426293729906354,-0.381851930606727,-0.426293729906354,-0.407948453824118,-0.445908358308079,-0.16509232672645,"Bajo"
"Servicios Financieros",-0.426156648001912,-0.426156648001912,-0.460040650478666,-0.850236035825286,-0.426156648001912,-0.383688045334901,-0.426156648001912,-0.40870364744142,-0.447648538176424,-0.165438072112858,"Bajo"
"Servicios Financieros",-0.424035910303784,-0.424035910303784,-0.449608507713825,-0.850236035825286,-0.424035910303784,-0.382782067672973,-0.424035910303784,-0.406294977272551,-0.450196098794497,-0.165161475803731,"Bajo"
"Servicios Financieros",-0.42512450189788,-0.42512450189788,1.06518132128806,-0.176082930010546,-0.42512450189788,-0.384412827464443,-0.42512450189788,-0.40622343261407,-0.443837173710476,-0.16550722119014,"Bajo"
"Servicios Financieros",-0.4401873841036,-0.4401873841036,0.810759287214115,-0.176082930010546,-0.4401873841036,-0.385500000658756,-0.4401873841036,-0.419912310603486,-0.459956997134654,-0.165576370267422,"Bajo"
"Servicios Financieros",2.45629681126105,2.45629681126105,-0.460453022816721,-0.176082930010546,2.45629681126105,1.91776096940888,2.45629681126105,2.929721156018,2.35469237025273,-0.0536931632255345,"Alto"
"Servicios Financieros",-0.420439526222547,-0.420439526222546,-0.456961018762552,0.00478741545194564,-0.420439526222547,-0.382274720182293,-0.420439526222547,-0.404371220900055,-0.442891013259945,-0.165368923035577,"Bajo"
"Servicios Financieros",-0.422197400055976,-0.422197400055976,-0.480747006176751,0.00478741545194564,-0.422197400055976,-0.379109838216626,-0.422197400055976,-0.404514310217017,-0.443048142523242,-0.164677432262759,"Bajo"
"Servicios Financieros",-0.418246215751478,-0.418246215751478,1.32708454997722,-0.176082930010546,-0.418246215751478,-0.375340971143007,-0.418246215751478,-0.401692270910256,-0.436239029629299,-0.164815730417323,"Bajo"
"Servicios Financieros",-0.415746486905775,-0.415746486905775,-0.448521716502327,1.90885887041163,-0.415746486905775,-0.381006351455595,-0.415746486905775,-0.391358042462962,-0.428600979703476,-0.165299773958295,"Medio"
"Servicios Financieros",-0.417028605894378,-0.417028605894378,-0.451731786560832,-0.850236035825286,-0.417028605894378,-0.380366127241166,-0.417028605894378,-0.402201032926123,-0.434893988883393,-0.164954028571886,"Bajo"
"Servicios Financieros",-0.130261325443622,-0.130261325443622,-0.452740782707137,1.90885887041163,-0.130261325443622,-0.379979576772077,-0.130261325443622,-0.40522975680183,-0.443833788839724,-0.164884879494604,"Medio"
"Servicios Financieros",-0.415875505168779,-0.415875505168779,-0.439575284005089,1.90885887041163,-0.415875505168779,-0.383204857248539,-0.415875505168779,-0.398870231603495,-0.436850266026544,-0.165299773958295,"Medio"
"Servicios Financieros",-0.411029256664691,-0.41102925666469,-0.435174306031293,-0.176082930010546,-0.411029256664691,-0.376790535402091,-0.411029256664691,-0.390491557154689,-0.450262014698601,-0.164954028571886,"Bajo"
"Servicios Financieros",-0.427293621444635,-0.427293621444635,2.06093183412461,0.00478741545194564,-0.427293621444635,-0.384062516101831,-0.427293621444635,-0.406811688694916,-0.445570940139503,-0.16550722119014,"Bajo"
"Servicios Financieros",-0.412803257780996,-0.412803257780996,-0.458987784934695,1.90885887041163,-0.412803257780996,-0.377044209147431,-0.412803257780996,-0.39602434407724,-0.433725139567646,-0.164469985030914,"Medio"
"Servicios Financieros",-0.413730576546337,-0.413730576546337,-0.473736676429814,0.00478741545194564,-0.413730576546337,-0.377466998722997,-0.413730576546337,-0.393536179843392,-0.208205631647914,-0.164815730417323,"Bajo"
"Servicios Financieros",-0.410537374536988,-0.410537374536988,-0.425938920434765,-0.176082930010546,-0.410537374536988,-0.375824159229368,-0.410537374536988,-0.389744312943884,-0.426828910789631,-0.164539134108195,"Bajo"
"Servicios Financieros",-0.409150428209694,-0.409150428209694,-0.465910375886301,0.00478741545194564,-0.409150428209694,-0.37718916557334,-0.409150428209694,-0.39526120105344,0.181357361606691,-0.164400835953632,"Bajo"
"Servicios Financieros",-0.404247734215542,-0.404247734215541,-0.420648856001616,0.00478741545194564,-0.404247734215542,-0.382226401373657,-0.404247734215542,-0.381755159413476,-0.418055860255574,-0.165299773958295,"Bajo"
"Servicios Financieros",-0.421657136079647,-0.421657136079647,-0.432087070286251,-0.669365690362794,-0.421657136079647,-0.378747447151855,-0.421657136079647,-0.404903831135415,-0.450589901783746,-0.16509232672645,"Bajo"
"Servicios Financieros",0.243311055084529,0.243311055084529,-0.41679419826008,-0.669365690362794,0.243311055084529,0.00263290941321696,0.243311055084529,0.344272085447933,0.135128222094362,1.37070450309717,"Bajo"
"Servicios Financieros",-0.33991600282516,-0.33991600282516,-0.420953017158763,1.90885887041163,-0.33991600282516,-0.383990037888877,-0.33991600282516,-0.419459194433104,-0.451013456005387,-0.165438072112858,"Medio"
"Servicios Financieros",-0.438244046517102,-0.438244046517102,-0.411643930974158,-0.669365690362794,-0.438244046517102,-0.384062516101831,-0.438244046517102,-0.417765970849048,-0.461033920486839,-0.165368923035577,"Bajo"
"Servicios Financieros",-0.165741347769728,-0.165741347769728,-0.411073628804507,1.90885887041163,-0.165741347769728,-0.383869240867286,-0.165741347769728,-0.412320627397973,-0.194185140693902,-0.165576370267422,"Medio"
"Servicios Financieros",-0.369445057770206,-0.369445057770206,-0.411880825721551,-0.176082930010546,-0.369445057770206,-0.359673597442738,-0.369445057770206,-0.338844263137711,-0.382330509137762,-0.161911469171489,"Bajo"
"Servicios Financieros",-0.290727790054876,-0.290727790054876,-0.479079969065464,1.90885887041163,-0.290727790054876,-0.373456537606197,-0.290727790054876,-0.391588575251401,-0.368149682200795,-0.164539134108195,"Medio"
"Servicios Financieros",-0.376653953215556,-0.376653953215556,-0.463313307544507,0.00478741545194564,-0.376653953215556,-0.344513571233148,-0.376653953215556,-0.366325361401016,-0.422253456289353,-0.163501897948969,"Bajo"
"Servicios Financieros",4.04737422155098,4.04737422155098,-0.454565749650019,-0.669365690362794,4.04737422155098,5.36622602296173,4.04737422155098,4.23667512893431,2.363354699883,0.462297251450957,"Alto"
"Servicios Financieros",-0.291534154198651,-0.291534154198651,-0.477149715568185,1.90885887041163,-0.291534154198651,-0.367766997889292,-0.291534154198651,-0.391040066203045,-0.302999827793144,-0.164193388721787,"Medio"
"Servicios Financieros",-0.165741347769728,-0.165741347769728,-0.379312184894733,1.90885887041163,-0.165741347769728,-0.384678580911942,-0.165741347769728,-0.40366372372174,-0.21876999141377,-0.16550722119014,"Medio"
"Servicios Financieros",0.423388295672395,0.423388295672395,-0.362273310841478,1.90885887041163,0.423388295672395,0.257587103181822,0.423388295672395,0.266972056662172,0.301858760352479,-0.132384813172177,"Medio"
"Servicios Financieros",-0.424503601507173,-0.424503601507173,-0.35815836134046,-0.850236035825286,-0.424503601507173,-0.382516314225474,-0.424503601507173,-0.404212232770096,-0.438331236055778,-0.165230624881013,"Bajo"
"Servicios Financieros",-0.25524776772877,-0.25524776772877,-0.347849052889083,1.90885887041163,-0.25524776772877,-0.374821543950168,-0.25524776772877,-0.391779361007352,2.87603247933002,-0.164469985030914,"Medio"
"Servicios Financieros",-0.436526490890861,-0.436526490890861,-0.342312734903705,-0.669365690362794,-0.436526490890861,-0.385403363041484,-0.436526490890861,-0.418219087019429,-0.458069664464173,-0.165576370267422,"Bajo"
"Servicios Financieros",-0.30247651562968,-0.30247651562968,-0.451088953653708,-0.669365690362794,-0.30247651562968,-0.3082865444582,-0.30247651562968,-0.307197675869497,-0.308353268112942,-0.158177418998274,"Bajo"
"Servicios Financieros",0.275339838875278,0.275339838875278,-0.333977549347272,1.90885887041163,0.275339838875278,-0.383458530993879,0.275339838875278,-0.409132915392308,0.17102459826066,-0.165368923035577,"Medio"
"Servicios Financieros",-0.435107289997816,-0.435107289997816,-0.34582228671694,-0.669365690362794,-0.435107289997817,-0.383639726526264,-0.435107289997817,-0.414101294453507,-0.456815480775276,-0.165438072112858,"Bajo"
"Servicios Financieros",-0.304581126044933,-0.304581126044933,0.597666320218126,-0.850236035825286,-0.304581126044933,-0.307501363817863,-0.304581126044933,-0.261027522929585,-0.316835754215665,0.212872214793227,"Bajo"
"Servicios Financieros",-0.344754187687811,-0.344754187687811,4.95068802326259,1.90885887041163,-0.344754187687811,-0.380462764858438,-0.344754187687811,-0.40836182296201,-0.376968161263356,-0.165230624881013,"Medio"
"Servicios Financieros",-0.420834644652996,-0.420834644652996,-0.335609490940426,-0.669365690362794,-0.420834644652996,-0.382431756310361,-0.420834644652996,-0.405603378907232,-0.44420238344943,-0.165230624881013,"Bajo"
"Servicios Financieros",-0.310233738692797,-0.310233738692797,-0.46588112962119,0.00478741545194564,-0.310233738692797,-0.272893017132226,-0.310233738692797,-0.318573276568019,-0.346461568239659,-0.150709318651844,"Bajo"
"Servicios Financieros",-0.431502842275142,-0.431502842275141,-0.280298954363846,-0.850236035825286,-0.431502842275142,-0.381404981626843,-0.431502842275142,-0.414005901575532,-0.450883049405916,-0.165023177649168,"Bajo"
"Servicios Financieros",1.59069715748418,1.59069715748417,-0.452793425984336,-0.669365690362794,1.59069715748418,0.912379438414506,1.59069715748418,1.63451640590562,1.33343909655814,-0.0988475106905237,"Alto"
"Servicios Financieros",-0.25524776772877,-0.25524776772877,-0.320421905468653,1.90885887041163,-0.25524776772877,-0.375727521612096,-0.25524776772877,-0.399363094806366,-0.297869076338563,-0.164608283185477,"Medio"
"Servicios Financieros",-0.413778958394964,-0.413778958394964,-0.321457223253557,-0.850236035825286,-0.413778958394964,-0.375232253823576,-0.413778958394964,-0.398758939912524,1.13115761710145,-0.164262537799068,"Bajo"
"Servicios Financieros",-0.409037537229566,-0.409037537229566,-0.471911709486932,-0.669365690362794,-0.409037537229566,-0.379375591664125,-0.409037537229566,-0.390571051219668,-0.433776981535469,-0.164746581340041,"Bajo"
"Servicios Financieros",-0.293832292008411,-0.29383229200841,0.794976832709998,-0.669365690362794,-0.29383229200841,-0.258856403223427,-0.29383229200841,-0.261909907050854,-0.349382266320289,-0.150294424188153,"Bajo"
"Servicios Financieros",0.485212234575636,0.485212234575636,-0.316210443292771,-0.850236035825286,0.485212234575636,0.853164738430914,0.485212234575636,0.417724601488702,0.438605400891335,-0.0147622327159037,"Bajo"
"Servicios Financieros",-0.288252252133486,-0.288252252133486,-0.452111403081964,-0.850236035825286,-0.288252252133486,-0.339826646795442,-0.288252252133486,-0.26139319562849,-0.32703597314912,-0.163087003485279,"Bajo"
"Servicios Financieros",-0.284083349510169,-0.284083349510169,-0.438663970384252,-0.669365690362794,-0.284083349510169,-0.312357404085795,-0.284083349510169,-0.274469969317566,-0.323351808562983,-0.159145506080218,"Bajo"
"Servicios Financieros",0.581258267740694,0.581258267740694,-0.302637251655086,-0.850236035825286,0.581258267740694,0.74473733185141,0.581258267740694,0.654942840793093,0.441372443654966,-0.0310814149543991,"Bajo"
"Servicios Financieros",-0.425132565539318,-0.425132565539318,-0.449950689015616,-0.669365690362794,-0.425132565539318,-0.383096139929108,-0.425132565539318,-0.406779891068924,-0.448000564734558,-0.165299773958295,"Bajo"
"Servicios Financieros",-0.431825387932652,-0.431825387932652,-0.269700107887877,-0.669365690362794,-0.431825387932652,-0.383373973078766,-0.431825387932652,-0.41401385098203,-0.4539151809947,-0.165576370267422,"Bajo"
"Servicios Financieros",-0.245506888871966,-0.245506888871966,1.39294128975257,-0.850236035825286,-0.245506888871966,-0.270694511339282,-0.245506888871966,-0.258889132581645,-0.256381249993325,-0.154858263288749,"Bajo"
"Servicios Financieros",-0.423600473666145,-0.423600473666145,-0.290669679971955,-0.669365690362794,-0.423600473666145,-0.384026276995354,-0.423600473666145,-0.400483961122573,-0.443052239998362,-0.16550722119014,"Bajo"
"Servicios Financieros",-0.266891665964883,-0.266891665964883,-0.450959685161921,-0.176082930010546,-0.266891665964883,-0.227775329568228,-0.266891665964883,-0.271719474669286,-0.308159083422473,-0.151884852965633,"Bajo"
"Servicios Financieros",-0.411384056887952,-0.411384056887951,-0.271972542686947,1.90885887041163,-0.411384056887952,-0.375981195357436,-0.411384056887952,-0.388551901969197,-0.435850660248362,-0.164746581340041,"Medio"
"Servicios Financieros",3.42348221987071,3.42348221987071,-0.266734536605694,1.90885887041163,3.42348221987071,2.76563526395159,3.42348221987071,3.91915198518795,3.63666477911185,0.162397703279965,"Alto"
"Servicios Financieros",-0.247942108586167,-0.247942108586167,-0.460505666093919,0.00478741545194564,-0.247942108586167,-0.31443511285715,-0.247942108586167,-0.2525693544158,-0.258936827410546,-0.157416779148174,"Bajo"
"Servicios Financieros",-0.426269538982041,-0.426269538982041,-0.459724205890172,-0.669365690362794,-0.426269538982041,-0.380221170815257,-0.426269538982041,-0.408465165246483,-0.449005336894413,-0.165368923035577,"Bajo"
"Servicios Financieros",-0.437744100747961,-0.437744100747961,-0.172627074584408,-0.669365690362794,-0.437744100747961,-0.385512080360915,-0.437744100747961,-0.416971030199256,-0.459145697060898,-0.165576370267422,"Bajo"
"Servicios Financieros",-0.423326309857262,-0.423326309857261,-0.36600220964304,0.00478741545194564,-0.423326309857262,-0.378228019959017,-0.423326309857262,-0.401668422690762,-0.288156100642202,-0.164746581340041,"Bajo"
"Servicios Financieros",-0.237354547378399,-0.237354547378399,1.25119926589555,1.90885887041163,-0.237354547378399,-0.211950919739891,-0.237354547378399,-0.231710111765261,-0.247825989169449,-0.146836970324065,"Medio"
"Servicios Financieros",-0.209664002681161,-0.20966400268116,-0.458136718619986,1.90885887041163,-0.209664002681161,-0.278618795955609,-0.209664002681161,-0.148591117423024,-0.257585551376414,-0.158454015307401,"Medio"
"Servicios Financieros",-0.222227156041177,-0.222227156041177,-0.440492446878948,-0.669365690362794,-0.222227156041177,-0.224344694155062,-0.222227156041177,-0.203688453860098,-0.268687927440633,-0.14586888324212,"Bajo"
"Servicios Financieros",-0.191553064011971,-0.191553064011971,5.19559332266965,-0.669365690362794,-0.191553064011971,-0.284562009417854,-0.191553064011971,-0.159688488894118,-0.450502518673035,-0.159352953312064,"Bajo"
"Servicios Financieros",-0.401651241672586,-0.401651241672585,-0.463991820895066,0.00478741545194564,-0.401651241672586,-0.379701743622419,-0.401651241672586,-0.377343238807131,-0.427249525518252,-0.165368923035577,"Bajo"
"Servicios Financieros",4.77737568091062,4.77737568091062,-0.439097400033187,-0.850236035825286,4.77737568091062,2.49520697171726,4.77737568091062,4.40955087204455,4.14958742723507,0.138887017004167,"Alto"
"Servicios Financieros",-0.194335020307995,-0.194335020307995,-0.433578629806875,-0.176082930010546,-0.194335020307995,-0.290311947645555,-0.194335020307995,-0.220922767147586,-0.20268027552417,-0.157209331916329,"Bajo"
"Servicios Financieros",-0.404868634606248,-0.404868634606248,-0.465970038267126,-0.669365690362794,-0.404868634606248,-0.378952802088559,-0.404868634606248,-0.381556424251028,-0.430092816949332,-0.165161475803731,"Bajo"
"Servicios Financieros",-0.183578122630034,-0.183578122630034,-0.210520290437206,1.90885887041163,-0.183578122630034,-0.163607951699431,-0.183578122630034,-0.141810273680299,-0.283514017633451,-0.145108243392021,"Medio"
"Servicios Financieros",-0.19528652999765,-0.19528652999765,-0.470270994014245,0.00478741545194564,-0.19528652999765,-0.305556531770258,-0.19528652999765,-0.220342460473238,-0.244879815482639,-0.15451251790234,"Bajo"
"Servicios Financieros",-0.406739399419807,-0.406739399419807,-0.439630851908799,-0.850236035825286,-0.406739399419807,-0.375655043399142,-0.406739399419807,-0.390547203000174,-0.425582476673243,-0.164539134108195,"Bajo"
"Servicios Financieros",2.99551251420349,2.99551251420349,-0.426627962440764,-0.669365690362794,2.99551251420349,3.36088674724239,2.99551251420349,2.71846567833582,3.18281560794445,9.1782091825704,"Alto"
"Servicios Financieros",0.923059901004104,0.923059901004103,-0.0920980685285269,-0.850236035825286,0.923059901004104,1.12412453756024,0.923059901004104,0.765566781618129,0.743431183456058,-0.0924857955806018,"Bajo"
"Servicios Financieros",-0.186029469627111,-0.186029469627111,-0.469551535892532,-0.669365690362794,-0.186029469627111,-0.301304476610278,-0.186029469627111,-0.172335994632307,-0.191115241073578,0.534940514586657,"Bajo"
"Servicios Financieros",-0.155758559669792,-0.155758559669792,-0.12679466760477,1.90885887041163,-0.155758559669792,-0.237994757594772,-0.155758559669792,-0.101276249947412,-0.209947949329366,-0.148703995410673,"Medio"
"Servicios Financieros",-0.434470262324234,-0.434470262324234,1.19713286543676,-0.850236035825286,-0.434470262324234,-0.382649190949224,-0.434470262324234,-0.415556035842626,-0.454683902957426,-0.165368923035577,"Bajo"
"Servicios Financieros",-0.435502408428266,-0.435502408428266,-0.476205646130425,-0.850236035825286,-0.435502408428266,-0.383494770100356,-0.435502408428266,-0.414331827241947,-0.457164656915935,-0.165299773958295,"Bajo"
"Servicios Financieros",-0.427035584918627,-0.427035584918627,-0.0539006915185817,-0.850236035825286,-0.427035584918627,-0.38169489447866,-0.427035584918627,-0.4087831415064,-0.44968231104467,-0.165438072112858,"Bajo"
"Servicios Financieros",-0.437115136715817,-0.437115136715816,0.676194881740463,0.00478741545194564,-0.437115136715817,-0.384497385379556,-0.437115136715817,-0.417583134499595,-0.458589865653318,-0.165576370267422,"Bajo"
"Servicios Financieros",-0.110457022072504,-0.110457022072504,-0.137328587372194,-0.669365690362794,-0.110457022072504,-0.276057899097893,-0.110457022072504,-0.0969517728125441,2.3844118917512,-0.157001884684484,"Bajo"
"Servicios Financieros",-0.41877841608637,-0.41877841608637,-0.080706648268069,-0.850236035825286,-0.41877841608637,-0.384038356697513,-0.41877841608637,-0.401421991089327,-0.442385242309266,-0.16550722119014,"Bajo"
"Servicios Financieros",-0.419641225720209,-0.419641225720209,-0.0277948903558349,-0.669365690362794,-0.419641225720209,-0.377454919020838,-0.419641225720209,-0.395523531467871,-0.439121959678388,-0.164884879494604,"Bajo"
"Servicios Financieros",-0.427519403404892,-0.427519403404892,-0.0724048034538622,-0.669365690362794,-0.427519403404892,-0.381477459839797,-0.427519403404892,-0.410762543724381,-0.450109873665886,-0.165299773958295,"Bajo"
"Servicios Financieros",-0.4157303596229,-0.4157303596229,-0.440931140855602,-0.850236035825286,-0.4157303596229,-0.381610336563546,-0.4157303596229,-0.390912875699078,-0.437198907713927,-0.165368923035577,"Bajo"
"Servicios Financieros",3.67215685816953,3.67215685816953,-0.0435761750093472,0.00478741545194564,3.67215685816953,1.91167279952073,3.67215685816953,3.12076924238248,3.9003768526249,0.105764608986204,"Alto"
"Servicios Financieros",-0.123213702827027,-0.123213702827027,-0.448134495952267,0.00478741545194564,-0.123213702827027,-0.179130368973792,-0.123213702827027,-0.118256182226966,-0.128043875458309,-0.154719965134186,"Bajo"
"Servicios Financieros",-0.428535422226049,-0.428535422226049,0.0200601883188302,-0.850236035825286,-0.428535422226049,-0.381380822222525,-0.428535422226049,-0.407717921035678,-0.451007755170437,-0.165023177649168,"Bajo"
"Servicios Financieros",-0.111005349690271,-0.111005349690271,-0.44789935598078,-0.850236035825286,-0.111005349690271,-0.116352156853284,-0.111005349690271,-0.135760775335383,-0.170398406866969,-0.147321013865037,"Bajo"
"Servicios Financieros",1.16005032285962,1.16005032285962,3.18953116652344,1.90885887041163,1.16005032285962,1.21677585312004,1.16005032285962,0.9333469551632,-0.181865636367958,-0.0240973581489413,"Medio"
"Servicios Financieros",-0.428720885979117,-0.428720885979117,2.61069142716179,-0.850236035825286,-0.428720885979117,-0.384557783890351,-0.428720885979117,-0.412058296983542,-0.451171654175236,-0.165576370267422,"Bajo"
"Servicios Financieros",-0.421770027059776,-0.421770027059775,3.95236734864815,0.00478741545194564,-0.421770027059776,-0.38144122073332,-0.421770027059776,-0.401032470170929,-0.445029004517113,-0.165368923035577,"Bajo"
"Servicios Financieros",-0.41580293239584,-0.415802932395839,-0.473271660814561,-0.669365690362794,-0.41580293239584,-0.382745828566496,-0.41580293239584,-0.393067164860014,-0.439755732188793,-0.165230624881013,"Bajo"
"Servicios Financieros",-0.0770412919544618,-0.0770412919544619,-0.467637075378412,1.90885887041163,-0.0770412919544619,-0.383796762654332,-0.0770412919544619,-0.402948277136927,-0.140383510857669,-0.165438072112858,"Medio"
"Servicios Financieros",-0.137357329908843,-0.137357329908843,-0.474184144286002,-0.669365690362794,-0.137357329908843,-0.155285036911855,-0.137357329908843,-0.121968555061494,-0.193686317635818,-0.133214602099558,"Bajo"
"Servicios Financieros",-0.413424158171703,-0.413424158171703,1.45328978795704,-0.669365690362794,-0.413424158171703,-0.374821543950168,-0.413424158171703,-0.395571227906859,-0.432597621305284,-0.164055090567223,"Bajo"
"Servicios Financieros",1.83879121359948,1.83879121359947,0.0277952405151996,0.00478741545194564,1.83879121359948,2.61864944808044,1.83879121359948,2.16428870314641,1.93093069166469,0.0281101951987874,"Alto"
"Servicios Financieros",-0.0597609083533604,-0.0597609083533605,-0.0434539256211862,-0.669365690362794,-0.0597609083533604,-0.194858141184856,-0.0597609083533604,-0.00208355566638281,-0.061455005603632,-0.154443368825059,"Bajo"
"Servicios Financieros",0.747449917772752,0.747449917772751,-0.436874683884805,-0.176082930010546,0.747449917772752,0.791232105461538,0.747449917772752,0.762800388156853,0.588240204042351,-0.0114430770063793,"Bajo"
"Servicios Financieros",3.70257291367273,3.70257291367272,-0.0138695736862214,-0.850236035825286,3.70257291367273,2.76716938612579,3.70257291367273,3.70594890291377,3.56619462048755,-0.000932417259551785,"Alto"
"Servicios Financieros",-0.105723664548544,-0.105723664548544,0.0697601213966524,-0.850236035825286,-0.105723664548544,-0.22448965058097,-0.105723664548544,-0.0796459148665752,-0.202372074134711,-0.150294424188153,"Bajo"
"Servicios Financieros",-0.410521247254112,-0.410521247254112,-0.243053835745892,-0.669365690362794,-0.410521247254112,-0.374495391991875,-0.410521247254112,-0.395881254760278,-0.435088173573862,-0.164400835953632,"Bajo"
"Servicios Financieros",-0.267948002993228,-0.267948002993228,-0.45435634639183,-0.176082930010546,-0.267948002993228,-0.241860262285664,-0.267948002993228,-0.219054656620575,-0.30909259514546,-0.158246568075555,"Bajo"
"Servicios Financieros",-0.100272642936624,-0.100272642936624,0.0775174007545057,-0.669365690362794,-0.100272642936624,-0.0995613708522242,-0.100272642936624,-0.0893839378265256,-0.195187240587375,-0.136118863345392,"Bajo"
"Servicios Financieros",-0.0306672900459531,-0.0306672900459531,-0.037674863635393,0.00478741545194564,-0.0306672900459531,-0.191657020112712,-0.0306672900459531,-0.0124893287721584,-0.0309234714270306,-0.151331660347379,"Bajo"
"Servicios Financieros",-0.436631318229552,-0.436631318229551,0.0699490522692648,-0.850236035825286,-0.436631318229552,-0.385862391723527,-0.436631318229552,-0.41638277411841,-0.456951766360788,-0.165645519344704,"Bajo"
"Servicios Financieros",-0.0353522657212867,-0.0353522657212867,0.799889035397923,1.90885887041163,-0.0353522657212867,-0.20320521537675,-0.0353522657212867,0.0213592440959793,-0.103541864996302,-0.151400809424661,"Medio"
"Servicios Financieros",4.06592866049925,4.06592866049924,-0.450522161035871,-0.176082930010546,4.06592866049925,5.14972152116533,4.06592866049925,3.91228369797375,3.91941194052139,0.591121982426876,"Alto"
"Servicios Financieros",-0.0658247667145495,-0.0658247667145496,-0.0618381278695144,-0.850236035825286,-0.0658247667145495,-0.18053161442424,-0.0658247667145495,0.00886277708125118,-0.0636417211845089,-0.145799734164839,"Bajo"
"Servicios Financieros",2.36068621473363,2.36068621473363,0.126617200472265,-0.850236035825286,2.36068621473363,2.66972242880885,2.36068621473363,1.91545638094856,2.50960115833643,7.45358185038176,"Alto"
"Servicios Financieros",-0.425422856631077,-0.425422856631077,-0.475861125127426,-0.669365690362794,-0.425422856631077,-0.380076214389349,-0.425422856631077,-0.407582781125214,-0.448257102307287,-0.164815730417323,"Bajo"
"Servicios Financieros",-0.25524776772877,-0.25524776772877,0.153801018966977,1.90885887041163,-0.25524776772877,-0.38533088482853,-0.25524776772877,-0.414133092079499,-0.297869076338563,-0.165645519344704,"Medio"
"Servicios Financieros",-0.428591867716113,-0.428591867716113,-0.427572616803826,0.00478741545194564,-0.428591867716113,-0.382117684054226,-0.428591867716113,-0.41073074609839,-0.458534460663652,-0.165299773958295,"Bajo"
"Servicios Financieros",-0.420657244541366,-0.420657244541366,-0.468637297645184,-0.850236035825286,-0.420657244541366,-0.377974346213677,-0.420657244541366,-0.402821086632961,-0.444045610488318,-0.164815730417323,"Bajo"
"Servicios Financieros",-0.400352995401108,-0.400352995401107,-0.479850900613771,0.00478741545194564,-0.400352995401108,-0.380039975282872,-0.400352995401108,-0.388941422887595,-0.101500966084368,-0.164884879494604,"Bajo"
"Servicios Financieros",-0.0319735999588688,-0.0319735999588689,-0.0485369264973546,-0.176082930010546,-0.0319735999588689,-0.130364611357765,-0.0319735999588689,0.0568771923286799,-0.100556052691483,-0.147182715710474,"Bajo"
"Servicios Financieros",-0.420624989975615,-0.420624989975615,0.114814577724356,0.00478741545194564,-0.420624989975615,-0.380450685156279,-0.420624989975615,-0.403131113486379,-0.441956967083682,-0.164954028571886,"Bajo"
"Servicios Financieros",-0.410747029214369,-0.410747029214369,2.52723954937079,-0.669365690362794,-0.410747029214369,-0.378421295193561,-0.410747029214369,-0.392900227323558,-0.435287702797095,-0.164746581340041,"Bajo"
"Servicios Financieros",1.96521298406054,1.96521298406054,-0.445621071928688,0.00478741545194564,1.96521298406054,2.6374454646399,1.96521298406054,1.50629247909419,1.87731086501802,0.15161044722401,"Alto"
"Servicios Financieros",-0.0265870874784508,-0.0265870874784508,0.125383593009913,-0.669365690362794,-0.0265870874784508,-0.1454521593544,-0.0265870874784508,-0.0306775708393963,-0.0957958555086215,-0.139852913518607,"Bajo"
"Servicios Financieros",-0.423245673442884,-0.423245673442884,-0.463380573954261,0.00478741545194564,-0.423245673442884,-0.379472229281397,-0.423245673442884,-0.404681247753474,-0.446333070511819,-0.16509232672645,"Bajo"
"Servicios Financieros",-0.421076553896129,-0.421076553896129,2.7062904487037,1.90885887041163,-0.421076553896129,-0.38181569150025,-0.421076553896129,-0.400968874918946,-0.442395931374796,-0.165161475803731,"Medio"
"Servicios Financieros",-0.247990490434793,-0.247990490434793,-0.438219427154576,-0.176082930010546,-0.247990490434793,-0.385053051678872,-0.247990490434793,-0.416883586727779,-0.258987600471815,-0.165576370267422,"Bajo"
"Servicios Financieros",-0.237507756565716,-0.237507756565716,0.40347872391473,-0.176082930010546,-0.237507756565716,-0.38519800810478,-0.237507756565716,-0.420325679741377,-0.282191780227343,-0.165576370267422,"Bajo"
"Servicios Financieros",0.201154337647964,0.201154337647964,-0.485607735438081,-0.850236035825286,0.201154337647964,2.62379540120019,0.201154337647964,2.28542970876819,0.105464996341011,0.219376542960135,"Bajo"
"Servicios Financieros",0.88760406960231,0.88760406960231,-0.485607735438081,-0.850236035825286,0.88760406960231,1.24153924254607,0.88760406960231,0.699634404124391,0.829769616162391,-0.0729166067098637,"Bajo"
"Servicios Financieros",-0.438921392397873,-0.438921392397873,-0.485607735438081,-0.669365690362794,-0.438921392397873,-0.384980573465917,-0.438921392397873,-0.418926584197744,-0.460186099439188,-0.16550722119014,"Bajo"
"Telecomunicaciones",-0.492641489708064,-0.492641489708064,-0.494798616714902,0.471662071845768,-0.492641489708064,-0.466699144790878,-0.492641489708064,-0.487428568240306,-0.108491500941252,-0.249177217521517,"Bajo"
"Telecomunicaciones",2.29132672400929,2.29132672400929,3.08037931789446,-0.156323568272233,2.29132672400929,1.57004050821586,2.29132672400929,2.44668514342399,0.0617912396811968,-0.0686594078100277,"Alto"
"Telecomunicaciones",-0.486732343091276,-0.486732343091277,-0.487210077990711,1.74333299308472,-0.486732343091276,-0.46842651282837,-0.486732343091276,-0.496296356462856,-0.109020200603595,-0.249226072138489,"Bajo"
"Telecomunicaciones",-0.488840703656004,-0.488840703656004,-0.489917639137449,0.440262789839868,-0.488840703656004,-0.466477054614629,-0.488840703656004,-0.493774324950021,-0.108869836479442,-0.249030653670601,"Bajo"
"Telecomunicaciones",-0.49538809547776,-0.49538809547776,-0.498325813718985,-0.719267838520869,-0.49538809547776,-0.469746715542738,-0.49538809547776,-0.50493486909333,-0.109535230800106,-0.249372635989405,"Bajo"
"Telecomunicaciones",-0.484645496409862,-0.484645496409863,-0.48453014501894,1.57063694205227,-0.484645496409862,-0.467809595672122,-0.484645496409862,-0.49721345883116,-0.109095553646482,-0.220064091730581,"Bajo"
"Telecomunicaciones",-0.486115611769621,-0.486115611769622,-0.486418070308332,-0.537600564058162,-0.486115611769621,-0.461072860325904,-0.486115611769621,-0.46512966791421,-0.108969995238304,-0.248981799053629,"Bajo"
"Telecomunicaciones",0.980421272064933,0.980421272064932,1.39691173264767,1.33289952115046,0.980421272064932,1.40616263483037,0.980421272064932,1.16505677167998,-0.0099699283330004,-0.144628337201466,"Medio"
"Telecomunicaciones",-0.484681352882051,-0.484681352882052,-0.484576191977217,-1.30912577906028,-0.484681352882051,-0.461270273815903,-0.484681352882051,-0.475365713702375,-0.107772310658282,-0.248981799053629,"Bajo"
"Telecomunicaciones",-0.450553162652328,-0.450553162652329,-0.456350880055556,0.099356299490096,-0.450553162652328,-0.453497117647189,-0.450553162652328,-0.46226002501984,-0.107056315016766,-0.146996662468417,"Bajo"
"Telecomunicaciones",-0.482773788561584,-0.482773788561584,-0.482126493796835,-0.425460271179948,-0.482773788561583,-0.46500879178276,-0.482773788561583,-0.489484652582148,-0.109256784051077,-0.248981799053629,"Bajo"
"Telecomunicaciones",-0.487263018879677,-0.487263018879678,-0.487891572973223,-0.568999846064062,-0.487263018879677,-0.457322004015921,-0.487263018879677,-0.465647386993091,-0.10904198715842,-0.248590962117853,"Bajo"
"Telecomunicaciones",-0.482924385744778,-0.482924385744779,-0.482319891021602,1.56615133033714,-0.482924385744778,-0.462676844932146,-0.482924385744778,-0.490150291397852,-0.1092621699466,-0.248786380585741,"Bajo"
"Telecomunicaciones",-0.492856628541199,-0.4928566285412,-0.495074898464569,-0.396303795031612,-0.492856628541199,-0.466637453075253,-0.492856628541199,-0.501133331856975,-0.10941382542582,-0.249030653670601,"Bajo"
"Telecomunicaciones",-0.488410425989733,-0.488410425989733,-0.489365075638114,-1.41902326608093,-0.488410425989733,-0.457581109221545,-0.488410425989733,-0.475410089623422,-0.109458370426392,-0.248248979799049,"Bajo"
"Telecomunicaciones",-0.489701258988546,-0.489701258988546,-0.491022766136117,-0.16529479170249,-0.489701258988546,-0.462096942805274,-0.489701258988546,-0.47489237054454,-0.109194969988667,-0.248688671351797,"Bajo"
"Telecomunicaciones",-0.493057424785459,-0.49305742478546,-0.495332761430925,0.139726804926253,-0.493057424785459,-0.469068106670866,-0.493057424785459,-0.50129604356748,-0.10962456377398,-0.249274926755461,"Bajo"
"Telecomunicaciones",-0.432201820185873,-0.432201820185873,-0.417181863841746,1.2925290157143,-0.432201820185873,-0.429239935063553,-0.432201820185873,-0.429133399958286,-0.107448149039979,-0.245464266631646,"Bajo"
"Telecomunicaciones",-0.436296629309884,-0.436296629309885,-0.442436594390986,1.17814591697852,-0.436296629309884,-0.414606660117371,-0.436296629309884,-0.441802725417192,-0.10759459410398,-0.246587922822002,"Bajo"
"Telecomunicaciones",-0.482737932089394,-0.482737932089395,-0.482080446838557,0.137483999068689,-0.482737932089394,-0.462232664579648,-0.482737932089394,-0.493027330279064,-0.108896887443426,-0.248639816734825,"Bajo"
"Telecomunicaciones",-0.497231118148287,-0.497231118148288,-0.500692627374467,1.25440131613571,-0.497231118148287,-0.469981144062112,-0.497231118148287,-0.507656592250877,-0.109677315853445,-0.240909062145178,"Bajo"
"Telecomunicaciones",-0.428781112739019,-0.428781112739019,-0.412788984022038,-1.2889405263422,-0.428781112739019,-0.406919872350532,-0.428781112739019,-0.433955583378722,-0.106281097021966,-0.24556197586559,"Bajo"
"Telecomunicaciones",-0.432316560896878,-0.432316560896879,-0.417329214108235,-1.21492793304258,-0.432316560896878,-0.409214804171771,-0.432316560896878,-0.427572846734801,-0.105767290688097,-0.100809966816501,"Bajo"
"Telecomunicaciones",-0.422879137416669,-0.422879137416669,-0.405209654689503,-0.849350578259599,-0.422879137416669,-0.420541403160468,-0.422879137416669,-0.417003981538784,-0.105984850270688,-0.247076468991722,"Bajo"
"Telecomunicaciones",1.72912592525968,1.72912592525968,2.35839984966429,-0.315562784159297,1.72912592525968,1.01057067755847,1.72912592525968,1.34575552218319,0.00203398642918635,-0.108329356791281,"Medio"
"Telecomunicaciones",-0.032932831064193,-0.0329328310641934,-0.144966981529705,0.256352709519596,-0.0329328310641929,-0.144656050886757,-0.0329328310641929,-0.0678098588202768,-0.0817110465974452,0.761143062021842,"Bajo"
"Telecomunicaciones",-0.485147487020512,-0.485147487020512,-0.49340799857491,0.36849300239781,-0.485147487020512,-0.467427107035249,-0.485147487020512,-0.493079102186952,-0.10911037948253,-0.249128362904545,"Bajo"
"Telecomunicaciones",-0.487721981723699,-0.4877219817237,-0.49539170153752,-1.1633433983186,-0.487721981723699,-0.464848393322136,-0.487721981723699,-0.495076018634065,-0.109180517610704,-0.249030653670601,"Bajo"
"Telecomunicaciones",-0.488195287156597,-0.488195287156598,-0.495756393447081,-1.27996930291194,-0.488195287156597,-0.466119242664005,-0.488195287156597,-0.494144124292079,-0.109100480593514,-0.249079508287573,"Bajo"
"Telecomunicaciones",1.98605189108449,1.98605189108449,1.41070371759106,-0.293134725583655,1.98605189108449,1.93249167585416,1.98605189108449,2.15035753464609,0.039899288684997,5.1185313741683,"Alto"
"Telecomunicaciones",-0.48762158360157,-0.48762158360157,-0.495314342647614,-1.20819951546988,-0.487621583601569,-0.461615747423401,-0.487621583601569,-0.471231357058166,-0.109234565544731,-0.248542107500881,"Bajo"
"Telecomunicaciones",0.566623240412171,0.56662324041217,0.53640680538839,-0.773095179102413,0.566623240412171,0.160866001573065,0.566623240412171,0.697445503647662,-0.0429178584812375,-0.218789645764942,"Medio"
"Telecomunicaciones",-0.488840703656004,-0.488840703656004,-0.493719276012869,-0.0890393925453043,-0.488840703656004,-0.456297921536551,-0.488840703656004,-0.464966956203704,-0.10929575867683,-0.248493252883909,"Bajo"
"Telecomunicaciones",-0.414295097974564,-0.414295097974564,-0.394186012877784,-0.517415311340084,-0.414295097974564,-0.436939061173517,-0.414295097974564,-0.431448343839569,-0.104463750988534,-0.246490213588058,"Bajo"
"Telecomunicaciones",-0.40677241010926,-0.406772410109261,-0.38452536103109,0.103841911205224,-0.40677241010926,-0.438012497025387,-0.40677241010926,-0.422565763643336,-0.105679271566765,-0.247809288246301,"Bajo"
"Telecomunicaciones",-0.489701258988546,-0.489701258988546,-0.494559172531857,-1.51322111209863,-0.489701258988546,-0.465119836870885,-0.489701258988546,-0.489669552253177,-0.109338953828899,-0.249177217521517,"Bajo"
"Telecomunicaciones",0.279692578659395,0.279692578659395,0.25636430854478,-0.456859553185848,0.279692578659395,0.674338489060666,0.279692578659395,0.136829701087767,-0.0628805520041847,1.43585361899912,"Medio"
"Telecomunicaciones",-0.487406444768434,-0.487406444768434,-0.492319448481222,1.04806317723979,-0.487406444768434,-0.461714454168401,-0.487406444768434,-0.48911485324009,-0.109223766756713,-0.249030653670601,"Bajo"
"Telecomunicaciones",3.09281927556104,3.09281927556104,3.00195803256628,-1.42799448951118,3.09281927556104,1.45645372140764,3.09281927556104,2.73389350042674,0.106563662728711,7.50716523180868,"Alto"
"Telecomunicaciones",-0.384039406741279,-0.384039406741279,-0.355331589482929,-1.0063469882891,-0.384039406741279,-0.386401207733753,-0.384039406741279,-0.400340823185652,-0.104420672823334,-0.242093298060579,"Bajo"
"Telecomunicaciones",-0.380066509622711,-0.380066509622711,-0.387556356012772,1.77473227509062,-0.38006650962271,-0.36772095624259,-0.38006650962271,-0.38068229016185,-0.105120227310093,-0.241800170358747,"Bajo"
"Telecomunicaciones",-0.381931046176551,-0.381931046176552,-0.389376131803912,-1.50649269452594,-0.381931046176551,-0.404057376745545,-0.381931046176551,-0.405754685553381,-0.103330940127526,-0.245513121248618,"Bajo"
"Telecomunicaciones",-0.493430332096227,-0.493430332096228,-0.498198724114139,1.56166571862201,-0.493430332096227,-0.456828470290924,-0.493430332096227,-0.485897598964186,-0.109526132821201,-0.248297834416021,"Bajo"
"Telecomunicaciones",3.13327254748495,3.13327254748495,3.04144016809638,-1.00186137657397,3.13327254748495,2.76041917622404,3.13327254748495,3.44288019500714,0.0907573687197298,-0.0657281307917085,"Alto"
"Telecomunicaciones",-0.378481653551946,-0.378481653551946,-0.411219703683929,1.11759015882428,-0.378481653551946,-0.395001032891838,-0.378481653551946,-0.359729459440845,-0.102524630622225,-0.243021535783047,"Bajo"
"Telecomunicaciones",-0.49692275248746,-0.49692275248746,-0.501607304153699,0.429048760552046,-0.49692275248746,-0.469722038856488,-0.49692275248746,-0.506118226987916,-0.109701433146684,-0.249323781372433,"Bajo"
"Telecomunicaciones",-0.487334731824056,-0.487334731824056,-0.492249457104639,-1.0063469882891,-0.487334731824055,-0.454804982018433,-0.487334731824055,-0.474204543768313,0.0654974827176663,-0.247858142863273,"Bajo"
"Telecomunicaciones",-0.489392893327718,-0.489392893327719,-0.494258209612553,-0.788794820105363,-0.489392893327718,-0.4671556634865,-0.489392893327718,-0.500194041528147,-0.109323475566074,-0.249079508287573,"Bajo"
"Telecomunicaciones",-0.369187655960494,-0.369187655960494,-0.37693866418523,0.460448042557946,-0.369187655960494,-0.423638327284829,-0.369187655960494,-0.381695540359089,-0.10328983274114,-0.245952812801366,"Bajo"
"Telecomunicaciones",0.3365537722571,0.336553772257099,0.311860471036919,1.57736535962496,0.3365537722571,0.541800007212535,0.3365537722571,0.409497547960797,-0.059455608396579,1.5585718831243,"Medio"
"Telecomunicaciones",-0.49272037394688,-0.492720373946881,-0.497505809485973,0.0881422702022743,-0.49272037394688,-0.468734971406493,-0.49272037394688,-0.502790032909394,-0.109384398728473,-0.249274926755461,"Bajo"
"Telecomunicaciones",-0.489844684877303,-0.489844684877303,-0.494699155285021,0.590530782296676,-0.489844684877303,-0.457149267212172,-0.489844684877303,-0.48101624764902,-0.109346153020911,-0.248493252883909,"Bajo"
"Telecomunicaciones",-0.488123574212219,-0.488123574212219,-0.493019362247045,-1.41229484850824,-0.488123574212219,-0.4620105744034,-0.488123574212219,-0.487206688635071,-0.109259762716771,-0.248835235202713,"Bajo"
"Telecomunicaciones",0.828561941049042,0.828561941049042,0.792057307493054,1.64240672949433,0.828561941049042,1.1437507532491,0.828561941049042,1.08377487629563,-0.0298202784646063,2.6204276865169,"Medio"
"Telecomunicaciones",-0.386922267105294,-0.386922267105295,-0.417723376071094,-1.14315814560052,-0.386922267105294,-0.399060347779944,-0.386922267105294,-0.386687831476871,-0.103033037562085,-0.24678334128989,"Bajo"
"Telecomunicaciones",-0.376437834637159,-0.376437834637159,-0.384014792357705,-1.23511318576066,-0.376437834637159,-0.354765695961401,-0.376437834637159,-0.392449305226135,-0.0571787064405805,-0.244682592760094,"Bajo"
"Telecomunicaciones",-0.488446282461922,-0.488446282461923,-0.493334323441666,-0.324534007589555,-0.488446282461922,-0.466773174849627,-0.488446282461922,-0.499121623436179,-0.109212068069695,-0.249030653670601,"Bajo"
"Telecomunicaciones",-0.488338713045354,-0.488338713045355,-0.493229336376792,0.848453455916569,-0.488338713045354,-0.465798445742757,-0.488338713045354,-0.488722865937509,-0.109270561504789,-0.249226072138489,"Bajo"
"Telecomunicaciones",-0.491752249197771,-0.491752249197771,-0.496560925902112,1.18935994626634,-0.49175224919777,-0.462343709667773,-0.49175224919777,-0.482207001530447,-0.0387401943538674,-0.249030653670601,"Bajo"
"Telecomunicaciones",-0.490317990310201,-0.490317990310201,-0.495161098370465,1.41588333788033,-0.490317990310201,-0.462072266119024,-0.490317990310201,-0.478501612123026,-0.109369910354549,-0.249079508287573,"Bajo"
"Telecomunicaciones",-0.492282924986171,-0.492282924986172,-0.497078862088821,-0.266221055292883,-0.492282924986171,-0.465588693909633,-0.492282924986171,-0.486585425740414,-0.109423904294636,-0.248981799053629,"Bajo"
"Telecomunicaciones",-0.367696026717421,-0.367696026717421,-0.375482843552317,0.247381486089339,-0.367696026717421,-0.349065381437677,-0.367696026717421,-0.371570434373541,-0.103214961144219,-0.238136074085848,"Bajo"
"Telecomunicaciones",-0.35282993334776,-0.35282993334776,-0.360973631186798,0.79686892119259,-0.35282993334776,-0.357986003517011,-0.35282993334776,-0.349471225692156,-0.102468764892215,-0.243510081952767,"Bajo"
"Telecomunicaciones",1.89172785534347,1.89172785534347,1.82970046273926,0.19579695136536,1.89172785534347,2.41778338764439,1.89172785534347,2.28389207706323,0.0342178303332707,-0.146729085731262,"Alto"
"Telecomunicaciones",-0.482594506200637,-0.482594506200638,-0.487623027112547,0.839482232486312,-0.482594506200637,-0.463639235695892,-0.482594506200637,-0.491969704160778,-0.109620982175954,-0.249128362904545,"Bajo"
"Telecomunicaciones",-0.489199268377896,-0.489199268377897,-0.492838858170596,1.33738513286558,-0.489199268377896,-0.462713859961521,-0.489199268377896,-0.485246752122164,-0.109313756656859,-0.248786380585741,"Bajo"
"Telecomunicaciones",-0.334765442658819,-0.334765442658819,-0.343342803425706,0.983021807370426,-0.334765442658819,-0.324228296727168,-0.334765442658819,-0.330115928128842,-0.101562026658352,-0.23745210944824,"Bajo"
"Telecomunicaciones",1.71775225228125,1.71775225228125,1.88722895378195,0.35727897310999,1.71775225228125,1.81558587474533,1.71775225228125,1.84995473711872,0.00146309050266528,-0.118588826355398,"Medio"
"Telecomunicaciones",-0.48762158360157,-0.48762158360157,-0.492529422610969,-1.48630744180786,-0.487621583601569,-0.465354265390259,-0.487621583601569,-0.48987663988473,-0.109234565544731,-0.249079508287573,"Bajo"
"Telecomunicaciones",1.03424900811543,1.03424900811543,0.992806573806529,-0.694596974087662,1.03424900811543,1.4381806352396,1.03424900811543,1.26400767962785,-0.0328450189882863,-0.181171590696512,"Medio"
"Telecomunicaciones",-0.488482138934111,-0.488482138934112,-0.493369319129957,-0.216879326426469,-0.488482138934111,-0.463762619127141,-0.488482138934111,-0.48432964975386,-0.1092777606968,-0.248981799053629,"Bajo"
"Telecomunicaciones",-0.492347466636112,-0.492347466636112,-0.497141854327745,0.285509185667932,-0.492347466636112,-0.46945059530774,-0.492347466636112,-0.500623008764934,-0.109471778921514,-0.249372635989405,"Bajo"
"Telecomunicaciones",-0.325951921794702,-0.325951921794703,-0.2807355170728,-1.05344591129795,-0.325951921794702,-0.339231721967098,-0.325951921794702,-0.356948568388569,-0.0661629966049105,-0.239357439510148,"Bajo"
"Telecomunicaciones",-0.490776953154223,-0.490776953154224,-0.495609043180592,0.292237603240625,-0.490776953154223,-0.466094565977755,-0.490776953154223,-0.477059394689,-0.108910174452182,-0.249177217521517,"Bajo"
"Telecomunicaciones",-0.336536752384967,-0.336536752384968,-0.34507159042729,-1.14764375731565,-0.336536752384967,-0.39555625833246,-0.336536752384967,-0.323230264379722,-0.101650936679696,-0.244145191973402,"Bajo"
"Telecomunicaciones",-0.497639881931245,-0.497639881931245,-0.502307217919522,-0.950276841849991,-0.497639881931244,-0.469709700513363,-0.497639881931244,-0.507338564816707,-0.109737429106742,-0.249372635989405,"Bajo"
"Telecomunicaciones",-0.490963406809607,-0.490963406809608,-0.495791020759706,-0.959248065280248,-0.490963406809607,-0.468241437681495,-0.490963406809607,-0.501414379356939,-0.109402306718601,-0.249274926755461,"Bajo"
"Telecomunicaciones",-0.491709221431143,-0.491709221431144,-0.496518931076162,-1.55134881167722,-0.491709221431143,-0.461072860325904,-0.491709221431143,-0.471364484821307,-0.109439742517062,-0.248884089819685,"Bajo"
"Telecomunicaciones",0.239734126051701,0.2397341260517,0.217365113513098,-0.0867965866877397,0.239734126051701,0.0834922518365517,0.239734126051701,0.322158339353544,-0.0652873858775078,-0.225531582907076,"Medio"
"Telecomunicaciones",-0.488410425989733,-0.488410425989733,-0.493299327753375,0.305694438386011,-0.488410425989733,-0.457457725790296,-0.488410425989733,-0.486888661200901,-0.109059364208138,-0.248248979799049,"Bajo"
"Telecomunicaciones",-0.334371021464737,-0.334371021464737,-0.342957850854503,-0.717025032663306,-0.334371021464737,-0.381823682434399,-0.334371021464737,-0.362562122401009,-0.10154222888032,-0.243021535783047,"Bajo"
"Telecomunicaciones",-0.487406444768434,-0.487406444768434,-0.492319448481222,0.0388005413358602,-0.487406444768434,-0.464404212969638,-0.487406444768434,-0.48796847527971,-0.109223766756713,-0.249079508287573,"Bajo"
"Telecomunicaciones",-0.312606142845865,-0.312606142845866,-0.263596839201782,-1.18352865103668,-0.312606142845865,-0.338170624458353,-0.312606142845865,-0.355269679375626,-0.0985567239531035,0.157549975552214,"Bajo"
"Telecomunicaciones",-0.322280219042524,-0.322280219042524,-0.276020308545148,-0.174266015132747,-0.322280219042523,-0.298317776164789,-0.322280219042523,-0.309111325499949,-0.0992516709569747,-0.236768144810633,"Bajo"
"Telecomunicaciones",-0.491372170592565,-0.491372170592565,-0.496189971606225,-0.631798410075862,-0.491372170592564,-0.46618093437963,-0.491372170592564,-0.501887722514773,-0.109422824415835,-0.249177217521517,"Bajo"
"Telecomunicaciones",-0.496083711038231,-0.496083711038232,-0.500788405047685,-1.04223188201013,-0.496083711038231,-0.469462933650865,-0.496083711038231,-0.506214374816851,-0.109659317873416,-0.249323781372433,"Bajo"
"Telecomunicaciones",-0.322029223737199,-0.322029223737199,-0.330912334944682,0.837239426628747,-0.322029223737199,-0.384056922540014,-0.322029223737199,-0.351068758849847,-0.10002352332951,-0.243021535783047,"Bajo"
"Telecomunicaciones",-0.297861961481648,-0.297861961481648,-0.307325241036432,1.46073945503162,-0.297861961481648,-0.263560663581827,-0.297861961481648,-0.314192368459825,-0.102466902101282,-0.235107087833585,"Bajo"
"Telecomunicaciones",0.380556834927741,0.380556834927741,0.354807179707844,0.081413852629582,0.380556834927741,0.686528772068109,0.380556834927741,0.216980010485413,-0.0573583802752104,-0.190600531772105,"Medio"
"Telecomunicaciones",-0.497245460737163,-0.497245460737163,-0.501922265348319,-1.55359161753479,-0.497245460737163,-0.469573978738989,-0.497245460737163,-0.507390336724595,-0.109697905542598,-0.249323781372433,"Bajo"
"Telecomunicaciones",-0.300171118290635,-0.300171118290635,-0.247627754071021,1.46073945503162,-0.300171118290635,-0.36976912120133,-0.300171118290635,-0.285355415766144,-0.0998255815451507,-0.24580624895045,"Bajo"
"Telecomunicaciones",-0.487406444768434,-0.487406444768434,-0.492319448481222,-0.0307264402486325,-0.487406444768434,-0.466353671183379,-0.487406444768434,-0.492753678765941,-0.109223766756713,-0.249226072138489,"Bajo"
"Telecomunicaciones",0.918396746471977,0.918396746471976,0.879735504937755,-1.49527866523811,0.918396746471977,1.48412862503688,0.918396746471977,0.742087680220901,-0.0315346940502523,-0.0907905492983375,"Medio"
"Telecomunicaciones",-0.493623957046049,-0.49362395704605,-0.498387700830911,-1.21492793304258,-0.493623957046049,-0.467106310114001,-0.493623957046049,-0.502730865014665,-0.109460044238535,-0.249128362904545,"Bajo"
"Telecomunicaciones",-0.315467489326567,-0.315467489326567,-0.324508123987397,0.209253786510747,-0.315467489326567,-0.303796000512264,-0.315467489326567,-0.31001363589457,-0.0987290726098616,-0.235497924769361,"Bajo"
"Telecomunicaciones",-0.304366325536777,-0.304366325536777,-0.253015248189531,-1.41005204265067,-0.304366325536777,-0.300649723015403,-0.304366325536777,-0.315109470828129,-0.109337936943028,-0.234276559345061,"Bajo"
"Telecomunicaciones",-0.479388937586919,-0.479388937586919,-0.484494412579316,0.254109903662032,-0.479388937586919,-0.468031685848371,-0.479388937586919,-0.489743512121589,-0.108711976196608,-0.249128362904545,"Bajo"
"Telecomunicaciones",-0.305571103002335,-0.305571103002336,-0.314849314019034,1.40018369687738,-0.305571103002335,-0.301809527269148,-0.305571103002335,-0.284401333463635,-0.100492613681997,-0.236670435576689,"Bajo"
"Telecomunicaciones",-0.49102077716511,-0.49102077716511,-0.495847013860972,-0.364904513025712,-0.49102077716511,-0.463232070372769,-0.49102077716511,-0.475180814031346,-0.109303245836522,-0.249128362904545,"Bajo"
"Telecomunicaciones",0.272062321377524,0.272062321377524,0.248917226076418,1.4495254257438,0.272062321377524,0.559147717646204,0.272062321377524,0.256600311993505,-0.0633401484222062,1.41938593921237,"Medio"
"Telecomunicaciones",-0.272798287421366,-0.272798287421366,-0.212475506121705,-0.705811003375484,-0.272798287421366,-0.301821865612273,-0.272798287421366,-0.318030885630387,-0.0984516157497339,-0.23720783636338,"Bajo"
"Telecomunicaciones",-0.487227162407488,-0.487227162407488,-0.492144470039766,-0.403032212604305,-0.487227162407488,-0.467982332475872,-0.487227162407488,-0.496244584554968,-0.109214767766699,-0.249128362904545,"Bajo"
"Telecomunicaciones",-0.298765544580817,-0.298765544580817,-0.245822713306529,1.20505958726929,-0.298765544580817,-0.269372023193675,-0.298765544580817,-0.318866632143438,-0.0978500557647384,-0.239064311808316,"Bajo"
"Telecomunicaciones",0.930924997854899,0.930924997854898,0.89196299842669,1.23870167513276,0.930924997854899,1.46105592339324,0.930924997854899,0.680042746610414,-0.0380313169134537,-0.10217367505281,"Medio"
"Telecomunicaciones",-0.487980148323462,-0.487980148323462,-0.492879379493881,1.20057397555416,-0.487980148323462,-0.447142870937844,-0.487980148323462,-0.466734597058741,-0.100315311081236,-0.248102415948133,"Bajo"
"Telecomunicaciones",-0.49128611505931,-0.491286115059311,-0.496105981954327,-0.18099443270544,-0.49128611505931,-0.467587505495873,-0.49128611505931,-0.502679093106777,-0.109743656407832,-0.249274926755461,"Bajo"
"Telecomunicaciones",-0.273120995671069,-0.273120995671069,-0.283178216115524,-0.131652703839026,-0.273120995671069,-0.379195615348786,-0.273120995671069,-0.275866364648936,-0.0984678139317601,-0.24434061044129,"Bajo"
"Telecomunicaciones",-0.491063804931737,-0.491063804931737,-0.495889008686921,-0.0553973046818403,-0.491063804931737,-0.466008197575881,-0.491063804931737,-0.482229189490971,-0.109356591849328,-0.248981799053629,"Bajo"
"Telecomunicaciones",-0.491278943764873,-0.491278943764873,-0.496098982816668,1.4181261437379,-0.491278943764872,-0.463540528950892,-0.491278943764872,-0.474811014689288,-0.109325005394377,-0.249177217521517,"Bajo"
"Telecomunicaciones",-0.281690692524298,-0.281690692524299,-0.291542185617114,-0.607127545642655,-0.281690692524298,-0.272296210514286,-0.281690692524298,-0.289341852673529,-0.0968322924915714,-0.236035325556053,"Bajo"
"Telecomunicaciones",-0.257767254279634,-0.257767254279635,-0.268193062389245,1.60203622405817,-0.257767254279634,-0.325622529500287,-0.257767254279634,-0.297935989382957,-0.109474028669017,-0.243607791186711,"Bajo"
"Telecomunicaciones",-0.273328963209766,-0.273328963209767,-0.283381191107613,-1.09157361087654,-0.273328963209766,-0.384303689402513,-0.273328963209766,-0.322054302471978,-0.0963338834296173,-0.245513121248618,"Bajo"
"Telecomunicaciones",-0.486617602380271,-0.486617602380271,-0.491549543338816,-1.01980382343448,-0.48661760238027,-0.462602814873397,-0.48661760238027,-0.492014080081825,-0.109111099401732,-0.248981799053629,"Bajo"
"Telecomunicaciones",-0.498651034446981,-0.498651034446982,-0.503294096329333,-1.30239736148759,-0.498651034446981,-0.470018159091487,-0.498651034446981,-0.50844056685604,-0.109788183410424,-0.249372635989405,"Bajo"
"Telecomunicaciones",-0.492139499097414,-0.492139499097415,-0.496938879335656,1.63119270020651,-0.492139499097414,-0.450350840150329,-0.492139499097414,-0.457866808836191,-0.109376299637459,-0.247516160544469,"Bajo"
"Telecomunicaciones",0.586401670471758,0.586401670471758,0.5557104270498,1.15123224668775,0.586401670471758,0.936022408397568,0.586401670471758,0.79597484034559,-0.0444064174154991,2.09779553328461,"Medio"
"Telecomunicaciones",-0.255730606659285,-0.255730606659285,-0.266205307294306,0.521003800712182,-0.255730606659285,-0.363920746560108,-0.255730606659285,-0.302329205566605,-0.0975949119003518,-0.244242901207346,"Bajo"
"Telecomunicaciones",-0.256426222219756,-0.256426222219757,-0.266884223647155,1.07497684753056,-0.256426222219756,-0.288521131723585,-0.256426222219756,-0.251518775967839,-0.095172815739964,-0.240090258764728,"Bajo"
"Telecomunicaciones",-0.263296322291216,-0.263296322291216,-0.273589397523743,-1.30015455563002,-0.263296322291216,-0.294394183051058,-0.263296322291216,-0.247658070836754,-0.109607245217697,-0.239015457191344,"Bajo"
"Telecomunicaciones",0.334337842275804,0.334337842275804,0.309697737500524,-0.178751626847876,0.334337842275804,0.632684242670861,0.334337842275804,0.300391950080011,-0.0637828987309205,-0.199834054379811,"Medio"
"Telecomunicaciones",-0.263497118535475,-0.263497118535476,-0.200530925144429,-1.14315814560052,-0.263497118535475,-0.309015119654114,-0.263497118535475,-0.296138764580555,-0.0955987199393712,-0.239699421828952,"Bajo"
"Telecomunicaciones",1.22010744606116,1.22010744606116,1.17420322449499,1.14226102325749,1.22010744606116,1.61522352073939,1.22010744606116,1.08057980998025,-0.0148760517030558,-0.12528190888056,"Medio"
"Telecomunicaciones",-0.489729944166297,-0.489729944166298,-0.49458716908249,0.987507419085555,-0.489729944166297,-0.46605755094838,-0.489729944166297,-0.4975980501469,-0.109232675756828,-0.249177217521517,"Bajo"
"Telecomunicaciones",-0.490776953154223,-0.490776953154224,-0.495609043180592,-0.10249622769069,-0.490776953154223,-0.461011168610279,-0.490776953154223,-0.475439673570786,-0.109392947768986,-0.248493252883909,"Bajo"
"Telecomunicaciones",-0.496062197154918,-0.496062197154918,-0.500767407634711,0.451476819127689,-0.496062197154918,-0.470042835777737,-0.496062197154918,-0.507064913303584,-0.109658237994614,-0.249372635989405,"Bajo"
"Telecomunicaciones",-0.493860609762498,-0.493860609762499,-0.498618672373633,0.610716035014754,-0.493860609762498,-0.458358424838416,-0.493860609762498,-0.477872953241528,-0.109511014517977,-0.248884089819685,"Bajo"
"Telecomunicaciones",-0.205761027016353,-0.205761027016354,-0.126386112925424,1.1355326056848,-0.205761027016353,-0.304844759677884,-0.205761027016353,-0.255845428269918,-0.10891167278402,-0.239601712595008,"Bajo"
"Telecomunicaciones",-0.189955494075334,-0.189955494075335,-0.106088613716545,0.0746854350568889,-0.189955494075334,-0.287200929009216,-0.189955494075334,-0.173291423148895,-0.0942933624438251,-0.243314663484879,"Bajo"
"Telecomunicaciones",0.456264190308113,0.456264190308112,0.428697075965823,-1.10278764016436,0.456264190308113,0.638483263939584,0.456264190308113,0.461217683941026,-0.0522450416615857,-0.184151722331803,"Medio"
"Telecomunicaciones",2.36253050648269,2.36253050648269,2.28920084913999,-0.898692307126013,2.36253050648269,1.73537430609008,2.36253050648269,2.95368004138548,0.0338274181504809,-0.0616731975830336,"Alto"
"Telecomunicaciones",2.42722992490096,2.42722992490096,2.35234706909258,-0.618341574930476,2.42722992490096,1.50106917014743,2.42722992490096,2.54252973689858,0.0370749736669204,-0.110332396087132,"Alto"
"Telecomunicaciones",-0.48762158360157,-0.48762158360157,-0.492529422610969,-0.320048395874426,-0.487621583601569,-0.461998236060275,-0.487621583601569,-0.482073873767306,-0.109107004861275,-0.248932944436657,"Bajo"
"Telecomunicaciones",3.1891584450391,3.1891584450391,3.095984447867,-0.557785816776241,3.1891584450391,2.0000811194926,3.1891584450391,3.1771645757648,0.075319601349823,-0.100805745777595,"Alto"
"Telecomunicaciones",-0.487248676290801,-0.487248676290802,-0.492165467452741,-0.27519227872314,-0.487248676290801,-0.467007603369001,-0.487248676290801,-0.495601133699787,-0.109215847645501,-0.249128362904545,"Bajo"
"Telecomunicaciones",-0.192451104539706,-0.192451104539706,-0.204444916598047,-0.604884739785091,-0.192451104539706,-0.168950248499769,-0.192451104539706,-0.227245147155154,-0.091319376223827,0.416869500765645,"Bajo"
"Telecomunicaciones",-0.48912038413908,-0.48912038413908,-0.49399224238154,1.70520529350613,-0.48912038413908,-0.468870693180867,-0.48912038413908,-0.500837492383328,-0.109309797101252,-0.249226072138489,"Bajo"
"Telecomunicaciones",0.328321126242449,0.328321126242449,0.303825461005266,-1.30239736148759,0.328321126242449,0.359328250737763,0.328321126242449,0.492332600581784,-0.0599514887423391,1.54080412335438,"Medio"
"Telecomunicaciones",-0.492476549935993,-0.492476549935994,-0.497267838805593,-0.349204872022762,-0.492476549935993,-0.468142730936496,-0.492476549935993,-0.502575549291001,-0.109434595094774,-0.249226072138489,"Bajo"
"Telecomunicaciones",-0.177814492592056,-0.177814492592056,-0.190159676637591,1.62222147677625,-0.177814492592056,-0.305523368549756,-0.177814492592056,-0.185295109792096,-0.090640649899457,-0.236572726342745,"Bajo"
"Telecomunicaciones",-0.173590600168163,-0.173590600168163,-0.186037184556891,0.657814958023604,-0.173590600168163,-0.366289708440097,-0.173590600168163,-0.123242780194768,-0.0934719346352999,-0.243607791186711,"Bajo"
"Telecomunicaciones",3.78799738707168,3.78799738707168,3.68044743801785,1.24094448099032,3.78799738707168,1.87410663618694,3.78799738707168,3.66974469537287,0.145745449731221,-0.04608857476897,"Alto"
"Telecomunicaciones",-0.493351447857411,-0.493351447857411,-0.498121733599898,-1.16782901003373,-0.493351447857411,-0.467377753662749,-0.493351447857411,-0.502775240935712,-0.0947051562268895,-0.249128362904545,"Bajo"
"Telecomunicaciones",3.4136056183549,3.4136056183549,3.31504345829441,0.480633295276025,3.4136056183549,2.48337401969659,3.4136056183549,3.61624952255076,0.0865856169287993,-0.101831692734006,"Alto"
"Telecomunicaciones",-0.490841494804164,-0.490841494804164,-0.495672035419516,1.37102722072905,-0.490841494804164,-0.468994076612117,-0.490841494804164,-0.502501589422589,-0.109396187405392,-0.249274926755461,"Bajo"
"Telecomunicaciones",-0.488410425989733,-0.488410425989733,-0.493299327753375,0.586045170581547,-0.488410425989733,-0.462368386354023,-0.488410425989733,-0.479551842254471,-0.109274161100795,-0.248639816734825,"Bajo"
"Telecomunicaciones",2.4774648424381,2.4774648424381,2.40137602838851,1.72090493450908,2.4774648424381,2.81652162241316,2.4774648424381,2.19542867845612,0.0694987666407519,6.1791025747204,"Alto"
"Telecomunicaciones",3.35850139189447,3.35850139189447,3.26126208452854,-0.93906281256217,3.35850139189447,4.78449968918459,3.35850139189447,3.25133153180795,0.0838196873579368,0.0505947122185909,"Alto"
"Telecomunicaciones",-0.483727570721818,-0.483727570721818,-0.488728890862548,1.09516210024864,-0.483727570721817,-0.466514069644003,-0.483727570721817,-0.495061226660382,-0.109039107481615,-0.249226072138489,"Bajo"
"Telecomunicaciones",-0.486832741213406,-0.486832741213407,-0.491759517468563,-0.851593384117162,-0.486832741213406,-0.456334936565926,-0.486832741213406,-0.456831370678429,-0.109059985138449,-0.248346689032993,"Bajo"
"Telecomunicaciones",3.96996181213766,3.96996181213766,3.85804355695789,-1.50200708281081,3.96996181213766,5.99038765450083,3.96996181213766,3.18492296596118,12.1481605977245,0.0356451994251631,"Alto"
"Energía",-0.463344262285261,-0.46334426228526,-0.442939260213894,0.0439179686304826,-0.46334426228526,-0.42469938942416,-0.46334426228526,-0.46501260822866,-0.448500170757697,-0.176552878355512,"Bajo"
"Energía",0.0519212162749373,0.0519212162749376,0.0908972151405519,0.785643661056245,0.0519212162749376,0.0972771485054981,0.0519212162749376,0.0548575418117684,0.0674644276997976,-0.135436474547063,"Bajo"
"Energía",3.10580532125923,3.10580532125922,3.25484821628513,0.785643661056245,3.10580532125923,2.19513585164773,3.10580532125923,3.59981568819793,2.93474690666629,-0.0274283630337829,"Alto"
"Energía",-0.441507959775893,-0.441507959775893,-0.420315942232362,0.0439179686304826,-0.441507959775893,-0.417657355891912,-0.441507959775893,-0.456971467499892,-0.440519439517528,-0.176327273945041,"Bajo"
"Energía",-0.466262556016116,-0.466262556016116,-0.445962733945692,2.26909504590777,-0.466262556016116,-0.43064820404112,-0.466262556016116,-0.475532120790592,-0.458940654933531,-0.176778482765984,"Bajo"
"Energía",2.1591498586649,2.1591498586649,2.27407376786195,0.785643661056245,2.1591498586649,2.10188569793844,2.1591498586649,2.35422580352168,2.26474142566385,-0.0255107255447743,"Medio"
"Energía",3.28487318193045,3.28487318193045,3.44036997073509,0.0439179686304826,3.28487318193045,3.82849009697833,3.28487318193045,3.38069686462717,3.4316778247842,0.0874042818962629,"Alto"
"Energía",-0.463140660397061,-0.463140660397061,-0.442728320186095,-2.1812591086468,-0.463140660397061,-0.424912354147918,-0.463140660397061,-0.467120128802117,-0.452048546659526,-0.176101669534569,"Bajo"
"Energía",-0.479471228513041,-0.479471228513041,-0.460923655417396,-0.450565826320026,-0.479471228513041,-0.435305032667284,-0.479471228513041,-0.484450641328911,-0.475398428355528,-0.17660927945813,"Bajo"
"Energía",-0.472616631610334,-0.472616631610333,-0.452545820646612,-0.203323928844772,-0.472616631610333,-0.433615512525475,-0.472616631610333,-0.478281847204029,-0.46166972388405,-0.176552878355512,"Bajo"
"Energía",-0.450831229573016,-0.450831229573016,-0.429975237672029,-0.450565826320026,-0.450831229573016,-0.424003704659886,-0.450831229573016,-0.451164479482042,-0.455611396007052,-0.175763262918862,"Bajo"
"Energía",0.0279216437034533,0.0279216437034536,-0.133735750186107,0.785643661056245,0.0279216437034536,-0.183864682150917,0.0279216437034536,-0.0307186476537818,-0.165967518276941,-0.165667465550257,"Bajo"
"Energía",-0.445673315071969,-0.445673315071969,-0.430047308848194,0.785643661056245,-0.445673315071969,-0.402139326354115,-0.445673315071969,-0.443439919096926,-0.457459233643661,-0.174578839763886,"Bajo"
"Energía",-0.440549334218955,-0.440549334218955,-0.419322766268137,-0.203323928844772,-0.440549334218955,-0.402877604063141,-0.440549334218955,-0.435615862032377,-0.427654378375316,-0.175312054097918,"Bajo"
"Energía",-0.488429711593807,-0.488429711593807,-0.4689288294724,0.0439179686304826,-0.488429711593807,-0.439053211805416,-0.488429711593807,-0.495250553623791,-0.483775255666523,-0.177004087176455,"Bajo"
"Energía",-0.458042129780072,-0.458042129780072,-0.437446030323274,0.0439179686304826,-0.458042129780072,-0.42469938942416,-0.458042129780072,-0.463013629487313,-0.446543141049759,-0.176496477252894,"Bajo"
"Energía",-0.464633740910522,-0.464633740910522,-0.444275213723293,-0.450565826320026,-0.464633740910522,-0.436511832768577,-0.464633740910522,-0.470014577658367,-0.469129136266894,-0.17689128497122,"Bajo"
"Energía",-0.479233692976809,-0.479233692976808,-0.459401371550107,-0.450565826320026,-0.479233692976808,-0.439322967122176,-0.479233692976808,-0.486114949421254,-0.478115222358431,-0.177116889381691,"Bajo"
"Energía",-0.425677912968403,-0.425677912968403,-0.403915355070924,-0.203323928844772,-0.425677912968403,-0.376058246517945,-0.425677912968403,-0.427022966990386,-0.478787779562872,-0.172491998967023,"Bajo"
"Energía",4.96413065532564,4.96413065532563,5.18015058502123,2.26909504590777,4.96413065532564,2.34639759610857,4.96413065532564,5.16258289660307,5.17241342890696,0.053225213709815,"Alto"
"Energía",-0.42254753393734,-0.42254753393734,-0.400672152143501,0.785643661056245,-0.42254753393734,-0.388509584033634,-0.42254753393734,-0.4100633057233,-0.470551656129026,-0.172999608890585,"Bajo"
"Energía",-0.466508574964357,-0.466508574964356,-0.446217619812617,0.0439179686304826,-0.466508574964357,-0.432096364162671,-0.466508574964357,-0.478887872433306,-0.432672267035745,-0.176327273945041,"Bajo"
"Energía",-0.00214356845396612,-0.00214356845396588,-0.153463330341565,-0.450565826320026,-0.00214356845396576,-0.143443977581741,-0.00214356845396576,-0.075184618207914,0.0457372207953335,-0.154951256052856,"Bajo"
"Energía",-0.454699665448802,-0.454699665448801,-0.433983098200226,0.0439179686304826,-0.454699665448801,-0.429384613346825,-0.454699665448801,-0.45206899474962,-0.463014838292932,-0.176270872842423,"Bajo"
"Energía",-0.460222366666206,-0.460222366666205,-0.439704846454297,2.26909504590777,-0.460222366666205,-0.433658105470226,-0.460222366666205,-0.466432697198758,-0.422572000437859,-0.176722081663366,"Bajo"
"Energía",-0.488972649962338,-0.488972649962338,-0.469491336213199,-0.450565826320026,-0.488972649962338,-0.43831493409639,-0.488972649962338,-0.49523246331844,-0.481880333529357,-0.177004087176455,"Bajo"
"Energía",-0.402348529945575,-0.402348529945575,-0.379745143552192,-1.6867753136963,-0.402348529945575,-0.362627271272971,-0.402348529945575,-0.402085481063262,-0.398792495575305,-0.173338015506292,"Bajo"
"Energía",-0.483382081448868,-0.483382081448868,-0.463699274616529,2.26909504590777,-0.483382081448868,-0.436284670396569,-0.483382081448868,-0.49070988698055,-0.47579269234462,-0.177060488279073,"Bajo"
"Energía",1.32857292258017,1.32857292258017,1.41356150278815,0.785643661056245,1.32857292258017,0.664075661961987,1.32857292258017,1.14963759592474,1.48264808494463,-0.0912744111972465,"Medio"
"Energía",-0.444129334086458,-0.444129334086458,-0.423031795090284,-1.6867753136963,-0.444129334086458,-0.427766081446268,-0.444129334086458,-0.449536352000402,-0.431520070833422,-0.176722081663366,"Bajo"
"Energía",-0.0187795394022448,-0.0187795394022445,0.0176482904870573,-2.1812591086468,-0.0187795394022445,-0.0602457588338072,-0.0187795394022445,0.0127614012586904,0.00707736488349719,-0.158504525517784,"Bajo"
"Energía",0.0122951987841625,0.0122951987841627,0.049843012230008,2.26909504590777,0.0122951987841628,0.0699324779750338,0.0122951987841628,-0.0138856185241561,-0.0488641516059809,-0.12878114443815,"Bajo"
"Energía",-0.402560615245782,-0.402560615245782,-0.4162008538567,-0.450565826320026,-0.402560615245782,-0.363961850208518,-0.402560615245782,-0.423640079889645,-0.407233995371499,-0.172209993453934,"Bajo"
"Energía",-0.448905495047132,-0.448905495047131,-0.427980096575756,-0.203323928844772,-0.448905495047132,-0.424344448217898,-0.448905495047132,-0.452665974826221,-0.447268645416304,-0.17660927945813,"Bajo"
"Energía",0.0367274253680699,0.0367274253680702,0.0751558155659889,0.785643661056245,0.0367274253680703,0.0400606260559803,0.0367274253680703,0.0167503135887092,0.0646164566447614,0.948910639504225,"Bajo"
"Energía",-0.0399795860109895,-0.0399795860109892,-0.00431583990760107,0.0439179686304826,-0.0399795860109891,-0.180911571314813,-0.0399795860109891,0.0776784620127601,-0.0940213021782095,-0.159858151980614,"Bajo"
"Energía",0.0682602678029254,0.0682602678029257,0.107825152371489,0.785643661056245,0.0682602678029258,-0.00254651634377233,0.0682602678029258,0.0481550836790157,-0.000519178817115028,-0.134985265726119,"Bajo"
"Energía",-0.493604592918871,-0.49360459291887,-0.474290221845646,0.0439179686304826,-0.493604592918871,-0.439564327142434,-0.493604592918871,-0.502676623970606,-0.485881600035757,-0.177060488279073,"Bajo"
"Energía",2.66048557470747,2.66048557470747,2.79347842964776,2.26909504590777,2.66048557470747,2.22008111962386,2.66048557470747,2.27169783050787,2.23875371268767,-0.0698983933050621,"Medio"
"Energía",-0.39178668199524,-0.39178668199524,-0.409131433202797,0.785643661056245,-0.39178668199524,-0.407562827985806,-0.39178668199524,-0.403514615186035,-0.379585683511891,-0.174240433148178,"Bajo"
"Energía",2.00926493530224,2.00926493530224,2.11878675072997,-0.203323928844772,2.00926493530224,3.22690734530812,2.00926493530224,2.08883197886164,2.10936916932302,5.10349400770658,"Alto"
"Energía",-0.366251611850253,-0.366251611850253,-0.355991538588365,0.785643661056245,-0.366251611850253,-0.33680174910531,-0.366251611850253,-0.360541094823407,-0.353115766623399,-0.173563619916764,"Bajo"
"Energía",-0.38349838846313,-0.383498388463129,-0.403692989124952,-0.203323928844772,-0.383498388463129,-0.339371523438651,-0.383498388463129,-0.373674656508639,-0.390767244749007,-0.172491998967023,"Bajo"
"Energía",1.59297542464289,1.59297542464289,1.68749349638972,-0.203323928844772,1.59297542464289,2.48885679865409,1.59297542464289,1.30285343709977,1.76815054191571,-0.073959272693551,"Medio"
"Energía",-0.375786966947584,-0.375786966947584,-0.352226259092138,-1.6867753136963,-0.375786966947584,-0.378315672589774,-0.375786966947584,-0.35657027279874,-0.363000213993055,0.0800676264677264,"Bajo"
"Energía",-0.480107484413664,-0.480107484413663,-0.460306655836081,-0.203323928844772,-0.480107484413663,-0.434524162013507,-0.480107484413663,-0.487426496559242,-0.474222231882493,-0.176947686073838,"Bajo"
"Energía",-0.489142318202504,-0.489142318202504,-0.469667119569699,2.26909504590777,-0.489142318202504,-0.437321098718855,-0.489142318202504,-0.498823388930724,-0.480505539396389,-0.177060488279073,"Bajo"
"Energía",1.36912363197985,1.36912363197985,1.45557372499162,0.785643661056245,1.36912363197985,0.740132463639919,1.36912363197985,1.59845807169692,1.28450661336328,-0.130473177516687,"Medio"
"Energía",-0.366446730326444,-0.366446730326444,-0.34254938531682,0.785643661056245,-0.366446730326444,-0.366701996320865,-0.366446730326444,-0.350808510544268,-0.3533180284468,0.0997401505773217,"Bajo"
"Energía",-0.356622939220831,-0.356622939220831,-0.332371528975478,-0.203323928844772,-0.356622939220831,-0.327530684797733,-0.356622939220831,-0.348872847871651,-0.367551105019565,-0.170799965888486,"Bajo"
"Energía",-0.47088601556064,-0.47088601556064,-0.450752830410313,0.0439179686304826,-0.47088601556064,-0.432976618354202,-0.47088601556064,-0.481881817968989,-0.463918604212166,-0.17689128497122,"Bajo"
"Energía",-0.482567673896071,-0.482567673896071,-0.462855514505329,0.785643661056245,-0.482567673896071,-0.439124200046669,-0.482567673896071,-0.489814416865648,-0.476347446693584,-0.177060488279073,"Bajo"
"Energía",-0.352839337465129,-0.352839337465129,-0.328451560125531,-0.203323928844772,-0.352839337465129,-0.370223013086989,-0.352839337465129,-0.345996489320753,-0.466278233881084,-0.173789224327235,"Bajo"
"Energía",-0.473999427767687,-0.473999427767686,-0.453978455002086,0.785643661056245,-0.473999427767686,-0.436696402195833,-0.473999427767686,-0.4825873398777,-0.38751612410847,-0.177060488279073,"Bajo"
"Energía",0.328955518818021,0.328955518818021,0.377916279633535,0.785643661056245,0.328955518818022,0.407964285171205,0.328955518818022,0.507259898043558,0.224680307889244,-0.13442125469994,"Bajo"
"Energía",-0.467102413804938,-0.467102413804937,-0.446832861560366,-0.203323928844772,-0.467102413804938,-0.427581512019012,-0.467102413804938,-0.475830610828893,-0.462987906691447,-0.175932466226715,"Bajo"
"Energía",-0.348003792620397,-0.348003792620397,-0.33897658859596,-0.450565826320026,-0.348003792620397,-0.329234402587794,-0.348003792620397,-0.343165356533234,-0.36010552485381,-0.168318317373299,"Bajo"
"Energía",-0.332368864289098,-0.332368864289098,-0.370143856620169,-0.203323928844772,-0.332368864289098,-0.388864525239896,-0.332368864289098,-0.299142598460215,2.66863584399329,-0.175312054097918,"Bajo"
"Energía",3.74215453941391,3.7421545394139,3.91413248400571,0.0439179686304826,3.74215453941391,4.65009380358656,3.74215453941391,3.40785041295986,3.90570039290394,8.75332793578907,"Alto"
"Energía",-0.485961038699392,-0.485961038699391,-0.466371181635327,0.0439179686304826,-0.485961038699391,-0.439351362418677,-0.485961038699391,-0.492455601446975,-0.48304526269973,-0.177060488279073,"Bajo"
"Energía",-0.488599379833973,-0.488599379833973,-0.4691046128289,0.785643661056245,-0.488599379833973,-0.437051343402096,-0.488599379833973,-0.497918873663146,-0.480750305516011,-0.176834883868602,"Bajo"
"Energía",0.444923760971498,0.444923760971499,0.498064203801194,0.0439179686304826,0.444923760971499,0.152420814310443,0.444923760971499,0.554846446270834,0.32485853708794,-0.152300404229815,"Bajo"
"Energía",-0.476688669374318,-0.476688669374318,-0.456764621202609,2.26909504590777,-0.476688669374318,-0.432522293610186,-0.476688669374318,-0.480995393006763,-0.476821039821746,-0.17689128497122,"Bajo"
"Energía",1.16961074836862,1.16961074836862,1.24887007608343,-0.450565826320026,1.16961074836862,1.55983368538258,1.16961074836862,1.01701756739246,1.09492426122543,-0.103739054875803,"Medio"
"Energía",0.00301434604708095,0.00301434604708125,0.0402276626294653,0.0439179686304826,0.00301434604708131,-0.126988903259411,0.00301434604708131,0.0555811540258307,-0.0568813412726506,-0.16290381152198,"Bajo"
"Energía",-0.343142797539641,-0.343142797539641,-0.318405541301564,-0.450565826320026,-0.343142797539641,-0.390440464195702,-0.343142797539641,-0.332347353933002,-0.35590639352017,-0.173338015506292,"Bajo"
"Energía",-0.316767869605833,-0.316767869605832,-0.291080018533659,0.0439179686304826,-0.316767869605832,-0.354236461156925,-0.316767869605832,-0.298328534719395,-0.293994855493259,-0.169502740528275,"Bajo"
"Energía",-0.486749996016163,-0.486749996016163,-0.467188574243051,-0.203323928844772,-0.486749996016163,-0.439649513031937,-0.486749996016163,-0.493287755493147,-0.47996031187244,-0.177060488279073,"Bajo"
"Energía",-0.327872655924699,-0.327872655924698,-0.320205562872122,2.26909504590777,-0.327872655924698,-0.389375640576914,-0.327872655924698,-0.307997802929803,-0.486128106633027,-0.17232279565917,"Bajo"
"Energía",2.05519412791518,2.05519412791518,2.16637130533448,-0.450565826320026,2.05519412791518,1.75672667132052,2.05519412791518,1.74305388237194,1.93642871482141,0.0400273556972263,"Medio"
"Energía",-0.487012981788421,-0.48701298178842,-0.468593962178268,-0.203323928844772,-0.48701298178842,-0.43973469892144,-0.48701298178842,-0.495521908204065,-0.480187490007419,-0.177116889381691,"Bajo"
"Energía",-0.329823840686608,-0.329823840686608,-0.304606547816324,0.0439179686304826,-0.329823840686608,-0.337412247980082,-0.329823840686608,-0.326278056487554,1.82523088041085,-0.171871586838227,"Bajo"
"Energía",-0.484943029258395,-0.484943029258395,-0.466663860923899,0.785643661056245,-0.484943029258395,-0.437420482256609,-0.484943029258395,-0.491605357095452,-0.478399378235328,-0.177004087176455,"Bajo"
"Energía",3.17596313856788,3.17596313856788,2.94690214320084,-0.450565826320026,3.17596313856788,4.3392220974936,3.17596313856788,3.37167884740942,2.68404484222683,0.0949620296470615,"Alto"
"Energía",-0.28677052474448,-0.286770524744479,-0.260001521104483,0.0439179686304826,-0.286770524744479,-0.259779507346344,-0.286770524744479,-0.251311831110693,-0.307209661038434,-0.161662987264387,"Bajo"
"Energía",-0.48022625218178,-0.480226252181779,-0.462265761344272,2.26909504590777,-0.48022625218178,-0.439322967122176,-0.48022625218178,-0.485273750222407,-0.47432482845958,-0.177116889381691,"Bajo"
"Energía",-0.4770789063267,-0.4770789063267,-0.459331058207507,2.26909504590777,-0.4770789063267,-0.43915259534317,-0.4770789063267,-0.484812447435942,-0.468225828368094,-0.177116889381691,"Bajo"
"Energía",-0.29715422104264,-0.29715422104264,-0.270759462522275,-1.6867753136963,-0.29715422104264,-0.253830692729384,-0.29715422104264,-0.307057107051522,-0.281488699162678,-0.170687163683251,"Bajo"
"Energía",-0.275750572545696,-0.275750572545696,-0.248584392099816,0.0439179686304826,-0.275750572545696,-0.304828645245183,-0.275750572545696,-0.228409504535619,-0.328382754822541,-0.171758784632991,"Bajo"
"Energía",-0.272806828578816,-0.272806828578815,-0.245534550864544,0.785643661056245,-0.272806828578815,-0.363479130168001,-0.272806828578815,-0.235175278737102,-0.258681022055765,-0.169953949349218,"Bajo"
"Energía",-0.279602041597465,-0.279602041597465,-0.335520394834912,-0.450565826320026,-0.279602041597465,-0.245042348462324,-0.279602041597465,-0.273056378143267,-0.265651635032058,-0.166005872165965,"Bajo"
"Energía",-0.480803124198344,-0.480803124198344,-0.462803658415162,-0.203323928844772,-0.480803124198344,-0.434651940847761,-0.480803124198344,-0.484631544382426,-0.474823154691146,-0.176778482765984,"Bajo"
"Energía",2.70948576246742,2.70948576246742,2.51194116912722,-0.203323928844772,2.70948576246742,2.95966501228894,2.70948576246742,2.61905882871583,2.83522529556095,6.5783079405004,"Alto"
"Energía",-0.270804743344857,-0.270804743344856,-0.329747962379717,-1.6867753136963,-0.270804743344856,-0.333522092359445,-0.270804743344856,-0.276602077992173,-0.476489341423859,-0.170123152657072,"Bajo"
"Energía",-0.494834687660075,-0.494834687660074,-0.475887213639447,-0.203323928844772,-0.494834687660074,-0.440984091967485,-0.494834687660074,-0.503110791299044,-0.329221756652488,-0.177173290484309,"Bajo"
"Energía",-0.483653550633134,-0.483653550633133,-0.46546150276544,0.0439179686304826,-0.483653550633133,-0.439919268348697,-0.483653550633133,-0.490700841827874,-0.477285472541239,-0.177116889381691,"Bajo"
"Energía",-0.483526299453009,-0.483526299453009,-0.465342848999802,0.0439179686304826,-0.483526299453009,-0.43547540444629,-0.483526299453009,-0.492437511141624,-0.477175547637217,-0.177004087176455,"Bajo"
"Energía",1.07593691297296,1.07593691297296,0.98875904888666,0.0439179686304826,1.07593691297296,0.442847906922685,1.07593691297296,1.38137440747822,0.869954151152126,-0.115696088630797,"Medio"
"Energía",-0.473677058111371,-0.473677058111371,-0.453644466624736,0.0439179686304826,-0.473677058111371,-0.434155023158994,-0.473677058111371,-0.477332106173072,-0.46473617068583,-0.17660927945813,"Bajo"
"Energía",-0.457617959179657,-0.457617959179657,-0.437006571932024,-0.450565826320026,-0.457617959179657,-0.423180241061357,-0.457617959179657,-0.46274227490704,-0.451310950553539,-0.175932466226715,"Bajo"
"Energía",-0.300165832305587,-0.300165832305587,-0.349013525279842,0.785643661056245,-0.300165832305587,-0.319580001777453,-0.300165832305587,-0.307735493502206,-0.318781089268481,-0.165385460037168,"Bajo"
"Energía",-0.46974075493952,-0.469740754939519,-0.449566292753939,-0.203323928844772,-0.469740754939519,-0.429413008643326,-0.469740754939519,-0.474003489988385,-0.465267016368169,-0.176496477252894,"Bajo"
"Energía",1.60016087461392,1.60016087461392,1.69493792153749,-1.6867753136963,1.60016087461392,2.39611776028182,1.60016087461392,1.61996744475993,1.32280078576107,0.0838510124313351,"Medio"
"Energía",-0.45650663220657,-0.456506632206569,-0.43585519094695,-1.6867753136963,-0.456506632206569,-0.425891991877202,-0.456506632206569,-0.457686034561279,-0.453834826349883,-0.175706861816244,"Bajo"
"Energía",-0.259038250889343,-0.259038250889343,-0.231269731484579,-2.1812591086468,-0.259038250889343,-0.352461755125613,-0.259038250889343,-0.209061922962127,-0.283253360288578,-0.174127630942943,"Bajo"
"Energía",-0.473694024935388,-0.473694024935387,-0.453662044960386,-1.6867753136963,-0.473694024935388,-0.434808114978517,-0.473694024935388,-0.479928064991021,-0.468682016719785,-0.177004087176455,"Bajo"
"Energía",-0.484926062434379,-0.484926062434378,-0.465298903160678,-0.450565826320026,-0.484926062434378,-0.4371649245881,-0.484926062434378,-0.491768169843616,-0.456925639838721,-0.177060488279073,"Bajo"
"Energía",-0.261243938011501,-0.261243938011501,-0.233554915119078,0.0439179686304826,-0.261243938011501,-0.286570469595039,-0.261243938011501,-0.272658391425533,0.917014651437495,-0.163129415932452,"Bajo"
"Energía",-0.480701323254245,-0.480701323254244,-0.460921897583831,-0.450565826320026,-0.480701323254244,-0.439606920087186,-0.480701323254244,-0.491433499194612,-0.474735214767929,-0.177060488279073,"Bajo"
"Energía",-0.249435028495946,-0.249435028495946,-0.315726017003984,0.785643661056245,-0.249435028495946,-0.264393743027757,-0.249435028495946,-0.210961405024041,-0.232022492352788,0.346191671961199,"Bajo"
"Energía",-0.462283835784223,-0.462283835784222,-0.44184061423577,-0.203323928844772,-0.462283835784223,-0.428987079195811,-0.462283835784223,-0.467979418306316,-0.458825416992481,-0.175988867329333,"Bajo"
"Energía",-0.444757106575073,-0.444757106575072,-0.423682193509334,0.785643661056245,-0.444757106575072,-0.414917209779565,-0.444757106575072,-0.446804715892316,-0.443685093545187,-0.174973647482211,"Bajo"
"Energía",3.53067156145897,3.53067156145896,3.69502731929645,-1.6867753136963,3.53067156145897,2.37101631817494,3.53067156145897,3.00283561159648,2.99045684802463,-0.012594873045275,"Alto"
"Energía",-0.223781190582843,-0.223781190582843,-0.298893002785557,-1.6867753136963,-0.223781190582843,-0.299873666005758,-0.223781190582843,-0.260682609282801,-0.302724908162511,-0.169277136117803,"Bajo"
"Energía",-0.478834972612419,-0.478834972612418,-0.458988280662332,-1.6867753136963,-0.478834972612418,-0.434438976124004,-0.478834972612418,-0.487308909574457,-0.473122982842273,-0.176834883868602,"Bajo"
"Energía",-0.255017113597408,-0.255017113597408,-0.31938875620892,0.0439179686304826,-0.255017113597408,-0.340848078856703,-0.255017113597408,-0.297885322238282,-0.237808939300505,-0.169671943836128,"Bajo"
"Energía",-0.488828431958197,-0.488828431958197,-0.469341920360174,-0.450565826320026,-0.488828431958197,-0.437775423462871,-0.488828431958197,-0.495793262784338,-0.481755751971466,-0.177116889381691,"Bajo"
"Energía",-0.48377231840125,-0.483772318401249,-0.464103576336478,-0.450565826320026,-0.48377231840125,-0.439905070700446,-0.48377231840125,-0.492283743546136,-0.477388069118326,-0.177116889381691,"Bajo"
"Energía",-0.495072223196307,-0.495072223196307,-0.47581074787937,-1.6867753136963,-0.495072223196307,-0.440955696670984,-0.495072223196307,-0.503074610688341,-0.487149400595477,-0.177173290484309,"Bajo"
"Energía",-0.22409507682715,-0.22409507682715,-0.223439461869293,0.785643661056245,-0.22409507682715,-0.25229734671833,-0.22409507682715,-0.179882260430062,-0.253067981644142,-0.163073014829834,"Bajo"
"Energía",-0.457796110831832,-0.457796110831831,-0.437191144456349,0.785643661056245,-0.457796110831831,-0.422768509262092,-0.457796110831831,-0.464343266930653,-0.478108810072363,-0.175424856303154,"Bajo"
"Energía",-0.490839000604165,-0.490839000604164,-0.471424953134698,-0.203323928844772,-0.490839000604164,-0.44028840720321,-0.490839000604164,-0.499040472594943,-0.483492565455013,-0.177173290484309,"Bajo"
"Energía",-0.224052659767109,-0.224052659767108,-0.195023203374307,0.785643661056245,-0.224052659767108,-0.318344806379659,-0.224052659767108,-0.156527676221199,-0.205710867326087,0.399652336934777,"Bajo"
"Energía",-0.489498621506853,-0.489498621506853,-0.470036264618349,0.0439179686304826,-0.489498621506853,-0.438627282357901,-0.489498621506853,-0.495784217631662,-0.480966124744241,-0.177060488279073,"Bajo"
"Energía",-0.465278480223153,-0.465278480223153,-0.444943190477993,-0.450565826320026,-0.465278480223153,-0.430704994634122,-0.465278480223153,-0.466215613534539,-0.461412316400465,-0.176327273945041,"Bajo"
"Energía",-0.493519758798788,-0.493519758798787,-0.474202330167396,-0.450565826320026,-0.493519758798788,-0.440884708429731,-0.493519758798788,-0.501003270725587,-0.485808316766409,-0.177173290484309,"Bajo"
"Energía",-0.452349760322502,-0.452349760322502,-0.431548498712703,-0.203323928844772,-0.452349760322502,-0.420582071431515,-0.452349760322502,-0.461096057120048,-0.446304970424378,-0.176496477252894,"Bajo"
"Energía",-0.485630185631068,-0.485630185631067,-0.470707757040178,0.785643661056245,-0.485630185631067,-0.437775423462871,-0.485630185631067,-0.491596311942776,-0.478992972717047,-0.176834883868602,"Bajo"
"Energía",-0.179056642475079,-0.179056642475079,-0.148405457230542,0.0439179686304826,-0.179056642475079,-0.149832919294467,-0.179056642475079,-0.211486023879236,-0.214161893947297,-0.153710431795263,"Bajo"
"Energía",-0.19523450917491,-0.195234509174909,-0.165166400272804,-0.450565826320026,-0.195234509174909,-0.243352828320515,-0.195234509174909,-0.223226632052398,-0.228137013411958,-0.161775789469622,"Bajo"
"Energía",-0.46259772202853,-0.46259772202853,-0.455594782965102,-1.6867753136963,-0.46259772202853,-0.426573478993226,-0.46259772202853,-0.474265799415983,-0.459096565089069,-0.176383675047659,"Bajo"
"Energía",-0.160639155005057,-0.160639155005057,-0.25746174457532,0.0439179686304826,-0.160639155005057,-0.14625511193534,-0.160639155005057,-0.112866724255212,-0.458444893616392,-0.162960212624598,"Bajo"
"Energía",-0.479598479693166,-0.479598479693165,-0.466749994768584,-1.6867753136963,-0.479598479693165,-0.43433959258625,-0.479598479693165,-0.488222469994711,-0.473782532266405,-0.176778482765984,"Bajo"
"Energía",-0.455318954525408,-0.455318954525407,-0.450818749169001,-0.203323928844772,-0.455318954525407,-0.421448127974796,-0.455318954525407,-0.46854926292489,-0.452808860579011,-0.17553765850839,"Bajo"
"Energía",-0.471378053457122,-0.471378053457121,-0.461356082474385,-0.203323928844772,-0.471378053457121,-0.433814279600982,-0.471378053457121,-0.481203431518306,-0.455570723792564,-0.17660927945813,"Bajo"
"Energía",-0.134043658359033,-0.134043658359033,-0.240010851858796,0.0439179686304826,-0.134043658359033,-0.205871036939193,-0.134043658359033,-0.163700482293093,-0.175277791231256,-0.168769526194242,"Bajo"
"Energía",-0.466669759792515,-0.466669759792514,-0.4582666899839,-0.203323928844772,-0.466669759792514,-0.426516688400224,-0.466669759792514,-0.478318027814732,-0.462383319719326,-0.17581966402148,"Bajo"
"Energía",-0.162539439294917,-0.162539439294916,-0.13129294747528,-0.203323928844772,-0.162539439294917,-0.32544363050491,-0.162539439294917,-0.135090664379602,-0.199893641405244,-0.171758784632991,"Bajo"
"Energía",-0.478317484479912,-0.478317484479912,-0.465909457352254,-1.6867753136963,-0.478317484479912,-0.436426646879074,-0.478317484479912,-0.489452610758617,-0.221624146056829,-0.177004087176455,"Bajo"
"Energía",-0.143884416288662,-0.143884416288662,-0.246467960487558,0.785643661056245,-0.143884416288662,-0.178810319373739,-0.143884416288662,-0.141024284534913,-0.190279426091309,-0.160027355288467,"Bajo"
"Energía",-0.160435553116858,-0.160435553116858,-0.129113233854682,0.0439179686304826,-0.160435553116858,-0.223816864327826,-0.160435553116858,-0.156726669580067,-0.198076216325414,-0.157602107875898,"Bajo"
"Energía",-0.146064653174796,-0.146064653174796,-0.247898544037206,0.785643661056245,-0.146064653174796,-0.246135567377613,-0.146064653174796,-0.17898679031516,-0.185662030497865,-0.161493783956533,"Bajo"
"Energía",-0.467416300049245,-0.467416300049245,-0.458756539604013,-0.203323928844772,-0.467416300049245,-0.432209945348675,-0.467416300049245,-0.46964372639866,-0.463259054788034,-0.176722081663366,"Bajo"
"Energía",-0.450805779336991,-0.450805779336991,-0.4478573855565,-0.203323928844772,-0.450805779336991,-0.433530326635972,-0.450805779336991,-0.461150328036103,-0.448910190649699,-0.176440076150276,"Bajo"
"Energía",-0.0738708169841528,-0.0738708169841524,-0.0394285653684495,0.0439179686304826,-0.0738708169841524,-0.198346283366428,-0.0738708169841524,0.0114408089680266,-0.0500308212540009,-0.164426641292664,"Bajo"
"Energía",-0.470682413672441,-0.470682413672441,-0.460899631692007,-0.450565826320026,-0.470682413672441,-0.433984651379988,-0.470682413672441,-0.479258723693013,-0.466080460657932,-0.176722081663366,"Bajo"
"Energía",-0.114718445804123,-0.114718445804123,-0.0817484084457925,-0.450565826320026,-0.114718445804123,-0.208156858307524,-0.114718445804123,-0.112767227575778,-0.158583862473785,-0.160478564109411,"Bajo"
"Energía",-0.0776713855638717,-0.0776713855638713,-0.203021639067312,0.785643661056245,-0.0776713855638713,-0.180528234812049,-0.0776713855638713,-0.0651444987377987,-0.12658105874952,-0.15940694315967,"Bajo"
"Energía",-0.467407816637237,-0.467407816637236,-0.458750973131057,-1.6867753136963,-0.467407816637236,-0.431571051177403,-0.467407816637236,-0.470973363841999,-0.463251726461099,-0.176665680560748,"Bajo"
"Energía",-0.468247674426059,-0.468247674426058,-0.459302053953685,0.785643661056245,-0.468247674426058,-0.437690237573368,-0.468247674426058,-0.469091972085437,-0.48471236547331,-0.17689128497122,"Bajo"
"Energía",1.72222020658936,1.72222020658936,0.97799466207913,-0.203323928844772,1.72222020658936,1.74309692900004,1.72222020658936,2.3016734664754,1.78784221440995,-0.000581438187662192,"Medio"
"Energía",0.570054088093941,0.570054088093941,0.221989704056154,-0.450565826320026,0.570054088093941,0.547030249784859,0.570054088093941,0.413235535978829,-0.469650088707872,-0.120490182353319,"Bajo"
"Energía",-0.459874546773865,-0.459874546773865,-0.453807945146281,-0.450565826320026,-0.459874546773865,-0.428447568562292,-0.459874546773865,-0.46291413280788,-0.450577385027365,-0.176214471739805,"Bajo"
"Energía",-0.0882077832781818,-0.0882077832781814,-0.0542822589926883,-0.203323928844772,-0.0882077832781814,-0.254583168086661,-0.0882077832781814,-0.0286925334544072,-0.171773568499209,-0.159519745364906,"Bajo"
"Energía",-0.0586770260772854,-0.058677026077285,-0.0236871657938864,-0.450565826320026,-0.058677026077285,-0.292774841880508,-0.058677026077285,0.043876726463372,-0.0390240406142803,-0.166231476576436,"Bajo"
"Energía",-0.470529712256292,-0.470529712256291,-0.460799435178803,-0.203323928844772,-0.470529712256291,-0.431542655880902,-0.470529712256291,-0.47667181002774,-0.465948550773105,-0.17660927945813,"Bajo"
"Energía",0.143889885856931,0.143889885856931,-0.0576420648799224,0.785643661056245,0.143889885856931,0.189632850375005,0.143889885856931,0.158686849377042,0.064812855806614,-0.132954826031875,"Bajo"
"Energía",-0.470555162492317,-0.470555162492316,-0.46081613459767,-1.6867753136963,-0.470555162492316,-0.437136529291599,-0.470555162492316,-0.481592373083364,-0.461237902219417,-0.17689128497122,"Bajo"
"Energía",-0.450653077920842,-0.450653077920841,-0.447757189043295,-0.203323928844772,-0.450653077920842,-0.418835760696703,-0.450653077920842,-0.45526193364417,-0.476076298596997,-0.175876065124098,"Bajo"
"Energía",2.58359192826423,2.58359192826423,1.5431920601222,-0.450565826320026,2.58359192826423,3.26843546644083,2.58359192826423,2.2404287377077,-0.473080936566485,-0.143597336208485,"Medio"
"Energía",-0.475068337680733,-0.475068337680732,-0.463777498210171,0.785643661056245,-0.475068337680732,-0.435333427963785,-0.475068337680732,-0.48055218052565,-0.479220150852025,-0.176722081663366,"Bajo"
"Energía",-0.468833029854631,-0.468833029854631,-0.459686140587637,2.26909504590777,-0.468833029854631,-0.436795785733587,-0.468833029854631,-0.478661743616412,-0.464482885386146,-0.177004087176455,"Bajo"
"Construcción",1.84017139543785,1.84017139543785,1.84017139543785,-0.679978594211118,1.84017139543785,1.58508124528285,1.84017139543785,1.5804836778775,1.76557930909514,0.0873800721825774,"Medio"
"Construcción",-0.493832913004657,-0.493832913004657,-0.493832913004657,-0.200339182747421,-0.493832913004657,-0.440388531795927,-0.493832913004657,-0.488794036550652,-0.493905822670478,-0.258424260848688,"Bajo"
"Construcción",-0.494499546465689,-0.494499546465689,-0.494499546465688,-1.51592156847642,-0.494499546465688,-0.444267071411662,-0.494499546465688,-0.483762581199374,-0.488411877378317,-0.258698273790868,"Bajo"
"Construcción",-0.49973332831932,-0.49973332831932,-0.49973332831932,-1.40400570580155,-0.49973332831932,-0.442970399883324,-0.49973332831932,-0.490600377467686,-0.499929683916484,-0.258287254377598,"Bajo"
"Construcción",3.71226963383871,3.71226963383871,3.7122696338387,0.375228111009015,3.71226963383871,4.62528255555526,3.71226963383871,4.19213428497269,4.61729209513313,1.13013632364889,"Alto"
"Construcción",-0.50487491618366,-0.50487491618366,-0.50487491618366,-1.34005378427306,-0.50487491618366,-0.442522876081509,-0.50487491618366,-0.496109371222317,-0.501893580818777,-0.258150247906508,"Bajo"
"Construcción",-0.478273404350364,-0.478273404350365,-0.478273404350364,0.89141147763185,-0.478273404350364,-0.425482546704684,-0.478273404350364,-0.476135808438565,-0.502751686862782,-0.18943739246072,"Bajo"
"Construcción",-0.473699164112434,-0.473699164112434,-0.473699164112434,1.56062265648358,-0.473699164112434,-0.421810556535941,-0.473699164112434,-0.462245669662754,-0.48897433473678,-0.254177060244897,"Bajo"
"Construcción",-0.473181459403335,-0.473181459403335,-0.473181459403335,-1.65524539752063,-0.473181459403335,-0.423600651743204,-0.473181459403335,-0.462107252734246,-0.46905359724829,-0.253492027889447,"Bajo"
"Construcción",-0.486946731189106,-0.486946731189107,-0.486946731189106,1.54463467610146,-0.486946731189106,-0.440147557441103,-0.486946731189106,-0.481084213632738,-0.497184947528067,-0.258013241435418,"Bajo"
"Construcción",-0.485400708907139,-0.485400708907139,-0.485400708907139,0.128556413684829,-0.485400708907139,-0.438024688124798,-0.485400708907139,-0.483257359410319,-0.499809697126003,-0.256917189666698,"Bajo"
"Construcción",1.2691714686829,1.2691714686829,1.2691714686829,-1.10480207293611,1.2691714686829,0.867161267416434,1.2691714686829,0.999942317174278,1.19266012038553,0.069569230940872,"Medio"
"Construcción",0.738623427690977,0.738623427690977,0.738623427690977,1.51037471813976,0.738623427690978,0.40965424232958,0.738623427690978,0.727136392777208,0.848587974078258,-0.0386658812202612,"Medio"
"Construcción",-0.496421436550152,-0.496421436550152,-0.496421436550152,0.117136427697598,-0.496421436550152,-0.443922822333342,-0.496421436550152,-0.488717907239973,-0.503057205926975,-0.258287254377598,"Bajo"
"Construcción",-0.471841100635942,-0.471841100635942,-0.471841100635942,-1.33548578987817,-0.471841100635941,-0.408304517696532,-0.471841100635941,-0.463041567001677,-0.467596174150547,-0.254999099071437,"Bajo"
"Construcción",-0.489613265033233,-0.489613265033233,-0.489613265033233,-1.04313414860506,-0.489613265033233,-0.444106421841779,-0.489613265033233,-0.486807753626558,-0.497926613948919,-0.258424260848688,"Bajo"
"Construcción",-0.489691275331864,-0.489691275331865,-0.489691275331864,1.24771504043345,-0.489691275331864,-0.438564011680832,-0.489691275331864,-0.482959763014026,-0.498885968486434,-0.258150247906508,"Bajo"
"Construcción",0.821051945963011,0.821051945963011,0.821051945963011,-0.442442885676715,0.821051945963011,1.409066691538,0.821051945963011,0.600948599902588,0.313489994327756,0.285491429378778,"Medio"
"Construcción",-0.462182007296313,-0.462182007296313,-0.462182007296312,0.966783385147574,-0.462182007296312,-0.404621052558512,-0.462182007296312,-0.462653999601854,-0.457093474366808,-0.251710943765276,"Bajo"
"Construcción",-0.0850802237122883,-0.0850802237122885,-0.0850802237122883,-0.147807247206159,-0.085080223712288,0.0383471864539742,-0.085080223712288,-0.152164066418391,-0.248115041515705,-0.172384197004142,"Bajo"
"Construcción",-0.502797005501934,-0.502797005501934,-0.502797005501934,-1.39943771140666,-0.502797005501934,-0.442855650190551,-0.502797005501934,-0.497611194896633,-0.502994976274072,-0.258561267319778,"Bajo"
"Construcción",0.170715545499961,0.170715545499961,0.170715545499961,0.866287508459942,0.170715545499962,-0.0631144918961126,0.170715545499962,0.291808231772081,0.201251528200536,3.93824068404222,"Medio"
"Construcción",0.585021149685817,0.585021149685817,0.585021149685817,0.480291982091539,0.585021149685818,0.299873211253435,0.585021149685818,0.370408284625537,0.538025763292438,-0.10114083203732,"Medio"
"Construcción",2.73980034294542,2.73980034294542,2.73980034294542,-0.045027373321081,2.73980034294543,3.07681577636551,2.73980034294543,3.19034176489364,2.31670809468515,0.443048871132326,"Alto"
"Construcción",0.0320912448320238,0.0320912448320236,0.0320912448320238,-0.627446658669855,0.032091244832024,0.305954944970416,0.032091244832024,0.00626794995224505,-0.0386480249213581,-0.0771646995965629,"Bajo"
"Construcción",-0.43634641475867,-0.43634641475867,-0.43634641475867,0.19936032680566,-0.43634641475867,-0.413066629946621,-0.43634641475867,-0.430312884255882,-0.432426781218333,-0.251710943765276,"Bajo"
"Construcción",-0.428793599482088,-0.428793599482088,-0.428793599482088,0.347820144639661,-0.428793599482088,-0.38774137275157,-0.428793599482088,-0.415405381055535,-0.420788987889685,-0.250751898467646,"Bajo"
"Construcción",-0.510973903167567,-0.510973903167567,-0.510973903167567,-0.268859098670806,-0.510973903167567,-0.446401415697244,-0.510973903167567,-0.503452389279684,-0.51032627712972,-0.258972286733049,"Bajo"
"Construcción",-0.502307668174155,-0.502307668174156,-0.502307668174155,-1.04313414860506,-0.502307668174155,-0.445701442571327,-0.502307668174155,-0.493223378262919,-0.503505845481614,-0.258835280261959,"Bajo"
"Construcción",-0.496251232262229,-0.496251232262229,-0.496251232262229,-0.246019126696344,-0.496251232262229,-0.439700033639287,-0.496251232262229,-0.48801198090458,-0.494138239242784,-0.257191202608878,"Bajo"
"Construcción",-0.50826481825146,-0.50826481825146,-0.50826481825146,1.30253097317216,-0.508264818251459,-0.446091591526756,-0.508264818251459,-0.499791261520639,-0.436692172817729,-0.258972286733049,"Bajo"
"Construcción",1.01365228143852,1.01365228143852,1.01365228143852,1.12209519457391,1.01365228143852,0.42019973909544,1.01365228143852,0.898233558106356,-0.48455672339162,-0.125527983891348,"Medio"
"Construcción",-0.423949869121613,-0.423949869121613,-0.423949869121613,1.08783523661222,-0.423949869121613,-0.412183057312268,-0.423949869121613,-0.413142264274424,-0.435344711907149,-0.255410118484707,"Bajo"
"Construcción",-0.510668953818372,-0.510668953818372,-0.510668953818372,-0.405898930517577,-0.510668953818372,-0.446103066496033,-0.510668953818372,-0.503230922194071,-0.510779080750353,-0.258835280261959,"Bajo"
"Construcción",-0.414978684779006,-0.414978684779006,-0.414978684779006,-0.970046238286781,-0.414978684779006,-0.367189702775885,-0.414978684779006,-0.400290252462425,-0.427540943785898,-0.243490555499874,"Bajo"
"Construcción",-0.39807881735732,-0.39807881735732,-0.39807881735732,-0.95862625229955,-0.39807881735732,-0.40377190483199,-0.39807881735732,-0.39205444521618,-0.387391636374728,-0.248422788459115,"Bajo"
"Construcción",-0.486443210170667,-0.486443210170668,-0.486443210170667,-0.0838553256776663,-0.486443210170667,-0.435649369484392,-0.486443210170667,-0.482433778685694,-0.483473603559297,-0.257465215551058,"Bajo"
"Construcción",-0.490350816947566,-0.490350816947566,-0.490350816947566,-0.262007107078467,-0.490350816947566,-0.443555623316468,-0.490350816947566,-0.488302656454448,-0.493104933977718,-0.258150247906508,"Bajo"
"Construcción",-0.489634540569223,-0.489634540569224,-0.489634540569223,1.17462713011518,-0.489634540569223,-0.438598436588664,-0.489634540569223,-0.486634732465922,-0.500585755647468,-0.258013241435418,"Bajo"
"Construcción",-0.494449903548378,-0.494449903548378,-0.494449903548378,1.17919512451007,-0.494449903548377,-0.4416163535086,-0.494449903548377,-0.486032618826911,-0.49217958597915,-0.257465215551058,"Bajo"
"Construcción",-0.481705857490144,-0.481705857490145,-0.481705857490144,-0.949490263509766,-0.481705857490144,-0.437737813892865,-0.481705857490144,-0.473512807643332,-0.478322499700605,-0.256780183195608,"Bajo"
"Construcción",-0.499470930042106,-0.499470930042106,-0.499470930042106,1.22487506845899,-0.499470930042105,-0.444955569568301,-0.499470930042105,-0.491264778724526,-0.504900190690788,-0.258835280261959,"Bajo"
"Construcción",0.655599194411213,0.655599194411213,0.655599194411213,-1.20529794962374,0.655599194411214,1.03948088105399,0.655599194411214,0.722838547147025,0.707394675064869,6.90583504466771,"Medio"
"Construcción",3.04285616943762,3.04285616943762,3.04285616943762,1.49895473215253,3.04285616943762,4.06857442106596,3.04285616943762,2.90832419390434,2.58032740150365,1.02888854151335,"Alto"
"Construcción",-0.379661295034987,-0.379661295034988,-0.379661295034987,-1.61184945076916,-0.379661295034987,-0.366466779711414,-0.379661295034987,-0.399432067505674,-0.396819390233464,-0.244997626681864,"Bajo"
"Construcción",-0.480471876402703,-0.480471876402703,-0.480471876402703,-1.32634980108838,-0.480471876402703,-0.4405032814887,-0.480471876402703,-0.468813552920475,-0.484511535564356,-0.257465215551058,"Bajo"
"Construcción",-0.372484347560902,-0.372484347560902,-0.372484347560902,-0.508678804402654,-0.372484347560901,-0.371171517115116,-0.372484347560901,-0.350397870581597,0.920788945677469,-0.239517367838263,"Bajo"
"Construcción",-0.387455233052794,-0.387455233052794,-0.387455233052794,1.27055501240792,-0.387455233052794,-0.351285395357516,-0.387455233052794,-0.397937164677784,-0.403599106569634,-0.244586607268594,"Bajo"
"Construcción",-0.505867774529878,-0.505867774529878,-0.505867774529878,-1.54789752924066,-0.505867774529877,-0.443681847978518,-0.505867774529877,-0.499016126720992,-0.506602676783486,-0.258150247906508,"Bajo"
"Construcción",-0.507378337585194,-0.507378337585194,-0.507378337585194,0.95079540476545,-0.507378337585194,-0.444301496319494,-0.507378337585194,-0.500863992716579,-0.507916670941451,-0.258561267319778,"Bajo"
"Construcción",-0.504030986589376,-0.504030986589376,-0.504030986589375,-1.23498991319054,-0.504030986589375,-0.444301496319494,-0.504030986589375,-0.498047208221434,-0.503078951604942,-0.19135619548963,"Bajo"
"Construcción",-0.504761446658378,-0.504761446658379,-0.504761446658378,-0.79189445688598,-0.504761446658378,-0.442419601358013,-0.504761446658378,-0.496586909625671,-0.505640314864976,-0.258013241435418,"Bajo"
"Construcción",-0.507910225984953,-0.507910225984954,-0.507910225984953,-0.122683278034251,-0.507910225984953,-0.444485095827931,-0.507910225984953,-0.500102699609783,-0.508379344940735,-0.258561267319778,"Bajo"
"Construcción",1.57536898265634,1.57536898265634,1.57536898265634,-0.40361493332013,1.57536898265634,0.796475456668127,1.57536898265634,1.5950243762173,1.48564750508389,-0.00496228933211083,"Medio"
"Construcción",1.04774987378576,1.04774987378576,1.04774987378576,0.70640770463871,1.04774987378576,0.511586394420038,1.04774987378576,1.12734817901977,0.980791208836233,-0.120184731518836,"Medio"
"Construcción",3.09142112625831,3.09142112625831,3.09142112625831,-1.64154141433596,3.09142112625831,1.4929601919245,3.09142112625831,2.95157256321677,2.62257262213158,0.276586008757925,"Alto"
"Construcción",-0.489542346579932,-0.489542346579932,-0.489542346579932,0.274732234321383,-0.489542346579932,-0.435167420774745,-0.489542346579932,-0.485485871959303,-0.490178366707582,-0.257328209079968,"Bajo"
"Construcción",-0.383597269193206,-0.383597269193207,-0.383597269193206,1.51494271253466,-0.383597269193206,-0.32954032857699,-0.383597269193206,-0.40469191078899,-0.51055036557004,-0.245819665508405,"Bajo"
"Construcción",3.49654988258699,3.49654988258699,3.49654988258699,1.30709896756705,3.49654988258699,1.82378355618971,3.49654988258699,2.9233424306475,-0.494902885138934,0.231099860356031,"Alto"
"Construcción",-0.493726535324705,-0.493726535324705,-0.493726535324705,1.59488261444527,-0.493726535324705,-0.439229559898917,-0.493726535324705,-0.482869792010496,-0.496041371626505,-0.257876234964328,"Bajo"
"Construcción",-0.506222366796384,-0.506222366796384,-0.506222366796384,0.914251449606312,-0.506222366796384,-0.445621117786386,-0.506222366796384,-0.499770498981363,-0.506911126116341,-0.258835280261959,"Bajo"
"Construcción",-0.511278852516762,-0.511278852516763,-0.511278852516762,-0.803314442873211,-0.511278852516762,-0.445712917540604,-0.511278852516762,-0.504698141636259,-0.510977105222046,-0.258835280261959,"Bajo"
"Construcción",-0.508576859445985,-0.508576859445985,-0.508576859445985,-0.191203193957636,-0.508576859445985,-0.444668695336368,-0.508576859445985,-0.500573317166711,-0.502261252423541,-0.258561267319778,"Bajo"
"Construcción",-0.358591422559188,-0.358591422559189,-0.358591422559188,-0.972330235484227,-0.358591422559188,-0.366948728421062,-0.358591422559188,-0.374357840906389,-0.344455489241207,-0.248696801401295,"Bajo"
"Construcción",-0.480911570813171,-0.480911570813171,-0.48091157081317,-1.3469057758654,-0.48091157081317,-0.43951643413085,-0.48091157081317,-0.479527023187019,-0.481919944269702,-0.257876234964328,"Bajo"
"Construcción",3.49951427393498,3.49951427393498,3.49951427393498,0.804619584128895,3.49951427393498,3.57796210961403,3.49951427393498,3.62744166258367,3.67599988787655,0.222331446206269,"Alto"
"Construcción",-0.367208014635289,-0.36720801463529,-0.367208014635289,-1.56160151242534,-0.367208014635289,-0.319740704814156,-0.367208014635289,-0.367077110466851,-0.38598664966357,-0.228145830737789,"Bajo"
"Construcción",-0.360548771870303,-0.360548771870303,-0.360548771870303,-0.73251052975238,-0.360548771870302,-0.360671920226366,-0.360548771870302,-0.365602970178237,2.73970725874388,-0.249792853170016,"Bajo"
"Construcción",-0.363903214711451,-0.363903214711452,-0.363903214711451,0.160532374449074,-0.363903214711451,-0.350826396586423,-0.363903214711451,-0.340155017871981,-0.356807342775415,0.666256525676916,"Bajo"
"Construcción",-0.50202399436095,-0.502023994360951,-0.50202399436095,0.22905229037246,-0.50202399436095,-0.445311293615898,-0.50202399436095,-0.497431252889572,-0.500415183166399,-0.258835280261959,"Bajo"
"Construcción",-0.482188102972593,-0.482188102972593,-0.482188102972593,0.790915600944219,-0.482188102972593,-0.439539384069405,-0.482188102972593,-0.480309078833091,-0.486004430335378,-0.256917189666698,"Bajo"
"Construcción",-0.357534737605,-0.357534737605,-0.357534737605,0.478007984894093,-0.357534737605,-0.311501676873039,-0.357534737605,-0.371513373025543,-0.351872924573055,-0.222665571894187,"Bajo"
"Construcción",-0.351059882818596,-0.351059882818597,-0.351059882818596,0.681283735466802,-0.351059882818596,-0.376174603720029,-0.351059882818596,-0.363706658257673,-0.345184586351744,-0.243764568442054,"Bajo"
"Construcción",-0.503265067293722,-0.503265067293722,-0.503265067293722,0.0874444641307967,-0.503265067293722,-0.441432754000163,-0.503265067293722,-0.493922383751886,-0.503309054807252,-0.257739228493238,"Bajo"
"Construcción",-0.498995776404987,-0.498995776404987,-0.498995776404987,-1.75574127420826,-0.498995776404987,-0.443429398654417,-0.498995776404987,-0.495126611029908,-0.497998097081808,-0.258561267319778,"Bajo"
"Construcción",0.894800045550972,0.894800045550972,0.894800045550972,1.56519065087847,0.894800045550973,0.98405677944452,0.894800045550973,1.11583189056788,0.957083176214274,8.36979675691158,"Medio"
"Construcción",-0.503385628664334,-0.503385628664334,-0.503385628664334,0.562515881199601,-0.503385628664334,-0.441536028723659,-0.503385628664334,-0.495327315576245,-0.504443531453495,-0.258150247906508,"Bajo"
"Construcción",-0.352244220988727,-0.352244220988727,-0.352244220988727,-1.51592156847642,-0.352244220988727,-0.397196747436084,-0.352244220988727,-0.340660239661036,-0.344637165898259,-0.244449600797504,"Bajo"
"Construcción",-0.48831545733782,-0.48831545733782,-0.48831545733782,0.226768293175014,-0.48831545733782,-0.437783713769974,-0.48831545733782,-0.478025199512704,-0.491334434807126,-0.257602222022148,"Bajo"
"Construcción",-0.470273802817984,-0.470273802817985,-0.470273802817984,-0.177499210772959,-0.470273802817984,-0.432952751704221,-0.470273802817984,-0.463512184558605,-0.468329126877745,-0.257465215551058,"Bajo"
"Construcción",3.19224589131669,3.19224589131669,3.19224589131669,-0.211759168734652,3.19224589131669,2.27553014669935,3.19224589131669,3.43971370329425,3.31494806846957,0.132455201171201,"Alto"
"Construcción",-0.479436466984505,-0.479436466984505,-0.479436466984505,-0.947206266312319,-0.479436466984505,-0.43334290065965,-0.479436466984505,-0.473817324886051,-0.483610863512417,-0.256506170253428,"Bajo"
"Construcción",-0.319628824315486,-0.319628824315486,-0.319628824315486,1.23857905164367,-0.319628824315486,-0.263157631307678,-0.319628824315486,-0.282670467462471,-0.344598918180984,-0.222254552480917,"Bajo"
"Construcción",-0.482266113271224,-0.482266113271225,-0.482266113271224,-0.741646518542164,-0.482266113271224,-0.432206878701196,-0.482266113271224,-0.471000540390906,-0.486072289188606,-0.257465215551058,"Bajo"
"Construcción",-0.49569806832648,-0.49569806832648,-0.495698068326479,-0.419602913702254,-0.495698068326479,-0.438804986035656,-0.495698068326479,-0.491458562424437,-0.497756349917183,-0.257465215551058,"Bajo"
"Construcción",-0.49060612337945,-0.490606123379451,-0.49060612337945,-0.341947008989084,-0.49060612337945,-0.439722983577842,-0.49060612337945,-0.47961699419055,-0.48933182751356,-0.257054196137788,"Bajo"
"Construcción",-0.295360529595801,-0.295360529595801,-0.295360529595801,-0.362502983766099,-0.295360529595801,-0.298489061712555,-0.295360529595801,-0.280545767609868,-0.323488645840336,-0.217185313050586,"Bajo"
"Construcción",0.645507498506447,0.645507498506447,0.645507498506446,-1.58900947879469,0.645507498506447,0.137605670702815,0.645507498506447,0.8395655429581,0.494944644972475,-0.105251026170022,"Medio"
"Construcción",-0.31527443128279,-0.31527443128279,-0.31527443128279,-0.853562381217026,-0.31527443128279,-0.300657830905969,-0.31527443128279,-0.295487875042342,-0.340811160373516,-0.2307489536885,"Bajo"
"Construcción",-0.311615039092446,-0.311615039092446,-0.311615039092446,-1.41542569178879,-0.311615039092445,-0.282630654171295,-0.311615039092445,-0.270427490135909,-0.337627963258444,-0.221432513654377,"Bajo"
"Construcción",-0.485712750101665,-0.485712750101665,-0.485712750101665,0.530539920435355,-0.485712750101664,-0.433205201028323,-0.485712750101664,-0.478973355472986,-0.496676777252187,-0.255136105542527,"Bajo"
"Construcción",-0.30843789238455,-0.30843789238455,-0.30843789238455,-1.20758194682118,-0.30843789238455,-0.372078039688025,-0.30843789238455,-0.32727532267428,-0.334864257236057,-0.244586607268594,"Bajo"
"Construcción",-0.485152494320585,-0.485152494320585,-0.485152494320585,0.694987718651479,-0.485152494320585,-0.442924500006215,-0.485152494320585,-0.479769252811909,-0.488583066758052,-0.258013241435418,"Bajo"
"Construcción",-0.507626552171748,-0.507626552171749,-0.507626552171748,-0.29626706504016,-0.507626552171748,-0.445850617171932,-0.507626552171748,-0.500296483309694,-0.50813258547445,-0.258835280261959,"Bajo"
"Construcción",-0.306480543073436,-0.306480543073436,-0.306480543073436,0.683567732664249,-0.306480543073435,-0.339098977985,-0.306480543073435,-0.290414894612512,-0.333161616918693,-0.232804050754851,"Bajo"
"Construcción",-0.510456198458468,-0.510456198458468,-0.510456198458468,-1.26011388236245,-0.510456198458468,-0.444760495090587,-0.510456198458468,-0.502739542097867,-0.509785873898557,-0.258561267319778,"Bajo"
"Construcción",-0.496563273456755,-0.496563273456755,-0.496563273456755,-0.378490964148222,-0.496563273456754,-0.444622795459259,-0.496563273456754,-0.488136556140238,-0.498508966289351,-0.258561267319778,"Bajo"
"Construcción",-0.506137264652422,-0.506137264652423,-0.506137264652422,-0.045027373321081,-0.506137264652422,-0.445781767356268,-0.506137264652422,-0.498621638474744,-0.506837098276456,-0.258835280261959,"Bajo"
"Construcción",-0.507052112700008,-0.507052112700009,-0.507052112700008,0.610479822345971,-0.507052112700008,-0.444611320489981,-0.507052112700008,-0.50013730384191,-0.507632897555224,-0.258835280261959,"Bajo"
"Construcción",-0.303416865890822,-0.303416865890822,-0.303416865890822,-0.337379014594191,-0.303416865890822,-0.3497247995358,-0.303416865890822,-0.280670342845525,-0.330496614682819,-0.23239303134158,"Bajo"
"Construcción",-0.288162306585725,-0.288162306585725,-0.288162306585725,-1.21900193280841,-0.288162306585725,-0.347108506540571,-0.288162306585725,-0.28116172294173,-0.507084705978406,-0.247874762574755,"Bajo"
"Construcción",-0.291346545138951,-0.291346545138951,-0.291346545138951,-0.182067205167852,-0.29134654513895,-0.322712721856983,-0.29134654513895,-0.261409627243591,-0.281069459788681,1.11031926924972,"Bajo"
"Construcción",-0.291247259304329,-0.291247259304329,-0.291247259304329,-1.19616196083395,-0.291247259304329,-0.330240301702907,-0.291247259304329,-0.313426708977022,-0.31991063357921,-0.242120490788973,"Bajo"
"Construcción",-0.490499745699498,-0.490499745699499,-0.490499745699498,1.57204264247081,-0.490499745699498,-0.440962280259793,-0.490499745699498,-0.486648574158773,-0.493234482697517,-0.257739228493238,"Bajo"
"Construcción",-0.269893713015325,-0.269893713015325,-0.269893713015325,-1.50906957688408,-0.269893713015325,-0.246977924626653,-0.269893713015325,-0.311765705834922,-0.261342274256558,-0.202936640057221,"Bajo"
"Construcción",-0.286552457695787,-0.286552457695787,-0.286552457695787,0.240472276359691,-0.286552457695786,-0.357321229197388,-0.286552457695786,-0.293764584282414,-0.315826764412199,-0.23239303134158,"Bajo"
"Construcción",-0.512151149492368,-0.512151149492368,-0.512151149492368,0.914251449606312,-0.512151149492368,-0.44598831680326,-0.512151149492368,-0.504705062482685,-0.511587218002435,-0.258972286733049,"Bajo"
"Construcción",-0.282063319601818,-0.282063319601818,-0.282063319601818,-0.0587313565057577,-0.282063319601818,-0.286474768879198,-0.282063319601818,-0.319780045995554,-0.273913126817095,-0.227597804853429,"Bajo"
"Construcción",0.804740701703725,0.804740701703725,0.804740701703725,-1.45653764134282,0.804740701703726,0.248006350119936,0.804740701703726,0.869858087762148,0.633456902384681,-0.128542126255329,"Medio"
"Construcción",-0.490393368019547,-0.490393368019547,-0.490393368019547,1.44185480221638,-0.490393368019546,-0.440285257072431,-0.490393368019546,-0.4821084989037,-0.509942643271981,-0.257328209079968,"Bajo"
"Construcción",-0.487088568095709,-0.487088568095709,-0.487088568095709,1.19975109928708,-0.487088568095709,-0.443647423070686,-0.487088568095709,-0.476184254363543,-0.490267200115445,-0.258287254377598,"Bajo"
"Construcción",2.47886298586883,2.47886298586883,2.47886298586883,1.27740700400025,2.47886298586884,1.15942873490984,2.47886298586884,1.99525000415271,2.08972639962326,0.0986146028119608,"Alto"
"Construcción",-0.252547059337841,-0.252547059337841,-0.252547059337841,0.971351379542466,-0.252547059337841,-0.249066369035126,-0.252547059337841,-0.210070788459851,-0.286246473391332,-0.237325264300822,"Bajo"
"Construcción",-0.502123280195572,-0.502123280195572,-0.502123280195572,-0.883254344783827,-0.502123280195572,-0.441191779645339,-0.502123280195572,-0.492683552241736,-0.503345451828529,-0.257465215551058,"Bajo"
"Construcción",-0.495612966182518,-0.495612966182518,-0.495612966182518,-0.314539042619729,-0.495612966182518,-0.441054080014011,-0.495612966182518,-0.490482723078454,-0.497682322077297,-0.258013241435418,"Bajo"
"Construcción",-0.497357560133729,-0.497357560133729,-0.497357560133729,0.729247676613172,-0.497357560133728,-0.440434431673036,-0.497357560133728,-0.49159005850652,-0.496676777252187,-0.257739228493238,"Bajo"
"Construcción",0.558696219820396,0.558696219820396,0.558696219820396,0.00978855941762683,0.558696219820397,1.04037592865762,0.558696219820397,0.343797630119811,0.419430079302728,-0.0956605731937186,"Medio"
"Construcción",-0.49001040837172,-0.49001040837172,-0.49001040837172,1.46469477419084,-0.49001040837172,-0.439263984806749,-0.49001040837172,-0.48161019796107,-0.492808822618176,-0.257739228493238,"Bajo"
"Construcción",-0.504151547959988,-0.504151547959988,-0.504151547959987,-1.51592156847642,-0.504151547959987,-0.44213272712608,-0.504151547959987,-0.499009205874567,2.70535178648874,-0.257876234964328,"Bajo"
"Construcción",2.0718123394557,2.0718123394557,2.0718123394557,-1.14591402249014,2.0718123394557,2.35810402561897,2.0718123394557,2.29888137852858,1.9606730494524,0.148210945346556,"Alto"
"Construcción",-0.266262688206301,-0.266262688206302,-0.266262688206301,-1.68493736108743,-0.266262688206301,-0.361601392737829,-0.266262688206301,-0.2868991046284,-0.276531553203707,-0.246641704334945,"Bajo"
"Construcción",-0.129198593510991,-0.129198593510991,-0.129198593510991,0.555663889607262,-0.129198593510991,-0.246805800087494,-0.129198593510991,-0.0831493858641369,-0.178949288464128,-0.216089261281865,"Bajo"
"Construcción",-0.252376855049918,-0.252376855049918,-0.252376855049918,1.33450693393641,-0.252376855049918,-0.219162599098423,-0.252376855049918,-0.253485258086489,-0.263244789741613,-0.192524148254378,"Bajo"
"Construcción",-0.216974363161938,-0.216974363161938,-0.216974363161938,0.626467802728094,-0.216974363161938,-0.213746413599527,-0.216974363161938,-0.265133042620465,-0.206678112364529,-0.235544180176651,"Bajo"
"Construcción",0.895927648958462,0.895927648958462,0.895927648958462,1.32080295075173,0.895927648958463,1.31937833166644,0.895927648958463,1.00725765184594,0.958260218868451,0.0453190855579345,"Medio"
"Construcción",-0.193762753396442,-0.193762753396442,-0.193762753396442,-0.670842605421332,-0.193762753396441,-0.307691987072968,-0.193762753396441,-0.246280656957631,-0.507205078330553,-0.23184500545722,"Bajo"
"Construcción",-0.474727481685302,-0.474727481685303,-0.474727481685302,1.47154676578318,-0.474727481685302,-0.43921808492964,-0.474727481685302,-0.468827394613325,1.81554378272711,-0.257191202608878,"Bajo"
"Construcción",3.52032883997889,3.52032883997889,3.52032883997889,-0.246019126696344,3.5203288399789,4.38927686242857,3.5203288399789,3.43195543445136,3.34669691252508,0.513470197272608,"Alto"
"Construcción",-0.507059204545338,-0.507059204545339,-0.507059204545338,-0.166079224785728,-0.507059204545338,-0.445655542694218,-0.507059204545338,-0.501113143187894,-0.507639066541881,-0.258972286733049,"Bajo"
"Construcción",-0.217463700489717,-0.217463700489717,-0.217463700489717,0.811471575721234,-0.217463700489716,-0.353109915472611,-0.217463700489716,-0.188768423162419,-0.20394725619609,1.56249849538024,"Bajo"
"Construcción",-0.174508393325154,-0.174508393325155,-0.174508393325154,-0.182067205167852,-0.174508393325154,-0.144494974010885,-0.174508393325154,-0.163984872113002,-0.188735768896976,-0.180604585269545,"Bajo"
"Construcción",-0.483890145851823,-0.483890145851823,-0.483890145851823,1.52864669571933,-0.483890145851823,-0.439768883454951,-0.483890145851823,-0.473706591343244,-0.487484987133086,-0.257465215551058,"Bajo"
"Construcción",-0.153041377510869,-0.153041377510869,-0.153041377510868,-0.682262591408563,-0.153041377510868,-0.296515366996855,-0.153041377510868,-0.0984998232357108,-0.140637182391781,-0.241024439020253,"Bajo"
"Construcción",-0.482464684940468,-0.482464684940468,-0.482464684940468,-1.47480961892239,-0.482464684940468,-0.43480022175787,-0.482464684940468,-0.472945298236448,-0.486245020815006,-0.257191202608878,"Bajo"
"Construcción",-0.146885655764321,-0.146885655764321,-0.146885655764321,1.56062265648358,-0.14688565576432,-0.280656959455595,-0.14688565576432,-0.196083757834084,-0.194334741186973,-0.237188257829732,"Bajo"
"Construcción",1.15036887571266,1.15036887571266,1.15036887571266,0.779495614956987,1.15036887571266,0.986868146917464,1.15036887571266,1.37674087995966,0.934108636105845,-0.0330486159055694,"Medio"
"Construcción",-0.131198493894086,-0.131198493894086,-0.131198493894086,0.377512108206461,-0.131198493894086,-0.0982737977618292,-0.131198493894086,-0.160676707521653,-0.180688942701435,-0.177042417021203,"Bajo"
"Construcción",-0.124425781603817,-0.124425781603818,-0.124425781603817,0.610479822345971,-0.124425781603817,-0.272842505377739,-0.124425781603817,-0.202146419302749,-0.111078097262547,-0.208279892429733,"Bajo"
"Construcción",-0.50888180879518,-0.508881808795181,-0.50888180879518,0.710975699033602,-0.50888180879518,-0.444944094599024,-0.50888180879518,-0.502345053851618,-0.50821008336933,-0.258698273790868,"Bajo"
"Construcción",-0.49798164252278,-0.49798164252278,-0.497981642522779,0.295288209098399,-0.497981642522779,-0.439160710083253,-0.497981642522779,-0.493700916666272,-0.498253570241746,-0.257739228493238,"Bajo"
"Construcción",-0.511427781268695,-0.511427781268695,-0.511427781268695,-0.147807247206159,-0.511427781268695,-0.446435840605076,-0.511427781268695,-0.503708460597425,-0.511439162322664,-0.259109293204139,"Bajo"
"Construcción",0.211302176324262,0.211302176324262,0.211302176324262,0.731531673810618,0.211302176324263,0.465606192525806,0.211302176324263,0.16044364577125,0.117242267903942,0.00942339013234358,"Bajo"
"Construcción",-0.484797902054079,-0.484797902054079,-0.484797902054079,-0.136387261218928,-0.484797902054078,-0.439596758915791,-0.484797902054078,-0.480772775543594,-0.488274617425197,-0.257054196137788,"Bajo"
"Construcción",-0.51115829114615,-0.51115829114615,-0.51115829114615,1.28197499839515,-0.51115829114615,-0.445311293615898,-0.51115829114615,-0.504199840693629,-0.511204740829694,-0.258698273790868,"Bajo"
"Construcción",-0.132992730762607,-0.132992730762608,-0.132992730762607,0.514551940053231,-0.132992730762607,-0.300990605015011,-0.132992730762607,-0.0892604932577797,-0.50447746088011,-0.233626089581391,"Bajo"
"Construcción",2.96983852991866,2.96983852991866,2.96983852991866,0.934807424383327,2.96983852991866,4.35536832821408,2.96983852991866,2.29381531894518,2.516811514882,1.16315488318159,"Alto"
"Construcción",-0.114085871112496,-0.114085871112496,-0.114085871112496,0.466587998906862,-0.114085871112496,-0.224200110611168,-0.114085871112496,-0.174130832972663,-0.100397267989084,-0.211157028322624,"Bajo"
"Construcción",-0.158424088116433,-0.158424088116433,-0.158424088116433,0.0349125285895354,-0.158424088116432,-0.129887338120853,-0.158424088116432,-0.172227600205673,-0.14231907949151,1.92383388197428,"Bajo"
"Construcción",-0.479429375139175,-0.479429375139175,-0.479429375139174,0.142260396869505,-0.479429375139174,-0.443337598900199,-0.479429375139174,-0.477077043552422,-0.48360469452576,-0.258561267319778,"Bajo"
"Construcción",-0.500924758334781,-0.500924758334781,-0.500924758334781,-1.51135357408152,-0.500924758334781,-0.44084753056702,-0.500924758334781,-0.493431003655681,-0.499836532217962,-0.257465215551058,"Bajo"
"Construcción",-0.492747860669148,-0.492747860669148,-0.492747860669148,0.982771365529697,-0.492747860669148,-0.442167152033912,-0.492747860669148,-0.489223129029028,-0.487557935400306,-0.258013241435418,"Bajo"
"Construcción",2.73189293540234,2.73189293540234,2.73189293540234,1.47839875737552,2.73189293540234,2.11716409570302,2.73189293540234,3.1710256825203,2.59227611175982,0.0934083569105393,"Alto"
"Construcción",-0.122163482943508,-0.122163482943508,-0.122163482943508,0.918819444001204,-0.122163482943507,-0.115784600879024,-0.122163482943507,-0.127034473047703,-0.108741208004499,-0.214719196570965,"Bajo"
"Construcción",-0.506420938465627,-0.506420938465628,-0.506420938465627,-1.62326943675639,-0.506420938465627,-0.443601523193577,-0.506420938465627,-0.499770498981363,-0.483386466622765,-0.258150247906508,"Bajo"
"Manufactura",1.61407059701915,1.61407059701915,1.58667132506591,1.52694609538454,1.61407059701915,1.21293453491561,1.61407059701915,1.76625835958839,1.90240272492546,-0.035956451420408,"Medio"
"Manufactura",1.00842156247598,1.00842156247598,0.762593553291676,-0.77706816288079,1.00842156247598,1.58942817618775,1.00842156247598,0.98587859090405,1.06469808039691,-0.0868039173965922,"Medio"
"Manufactura",-0.525435807539233,-0.525435807539233,-0.489645536790522,-0.0362389629154764,-0.525435807539234,-0.483301340003639,-0.525435807539234,-0.515389750059485,-0.546849927862039,-0.218583134926527,"Bajo"
"Manufactura",2.35411181510303,2.35411181510303,2.35640435417488,0.328858681086568,2.35411181510303,1.01941167115069,2.35411181510303,2.39476163944865,2.40830843622882,6.57978437328648,"Alto"
"Manufactura",0.510834107844593,0.510834107844593,0.687506360643308,-0.0362389629154764,0.510834107844593,0.536389922704167,0.510834107844593,0.53726535731649,0.428182661620681,-0.158526193773537,"Medio"
"Manufactura",-0.514689850985332,-0.514689850985332,-0.48133426808317,-0.77706816288079,-0.514689850985332,-0.47808525191034,-0.514689850985332,-0.506663493888042,-0.537482661285552,-0.218359874922241,"Bajo"
"Manufactura",4.03652375677831,4.03652375677831,4.4197899297617,0.328858681086568,4.03652375677831,3.83918093035928,4.03652375677831,4.41864392129718,3.74265828412222,0.0985577011620332,"Alto"
"Manufactura",1.6448862077252,1.64488620772519,1.5032966782337,0.328858681086568,1.6448862077252,1.73237297195834,1.6448862077252,1.99336119471802,2.1461880041036,-0.0140211559992879,"Medio"
"Manufactura",-0.536926756879435,-0.536926756879435,-0.494789473870144,-0.77706816288079,-0.536926756879435,-0.485088000063182,-0.536926756879435,-0.524827904337429,-0.55757241817264,-0.218750579929742,"Bajo"
"Manufactura",-0.508082743244208,-0.508082743244208,-0.461853987846454,-0.0362389629154764,-0.508082743244208,-0.480699291460545,-0.508082743244208,-0.497981272651022,-0.54000861246301,-0.218583134926527,"Bajo"
"Manufactura",-0.533924210195256,-0.533924210195256,-0.494575143158493,0.328858681086568,-0.533924210195257,-0.484440485679186,-0.533924210195257,-0.521547301722934,-0.555744096106858,-0.218638949927599,"Bajo"
"Manufactura",-0.497788297469882,-0.497788297469882,-0.456329018390564,0.328858681086568,-0.497788297469883,-0.475735014516578,-0.497788297469883,-0.488212856364908,0.937738907374521,-0.218136614917955,"Bajo"
"Manufactura",-0.528001893803155,-0.528001893803155,-0.491645956765931,-1.13862116956243,-0.528001893803156,-0.481118976709431,-0.528001893803156,-0.516644745690534,-0.546980321318958,-0.218359874922241,"Bajo"
"Manufactura",-0.193296952903696,-0.193296952903696,-0.271171098047695,-0.77706816288079,-0.193296952903696,-0.0303770194057972,-0.193296952903696,-0.138391998154799,-0.204201487272042,-0.189112814360748,"Bajo"
"Manufactura",-0.494620196833193,-0.494620196833192,-0.449422806570702,-0.77706816288079,-0.494620196833193,-0.46678972321175,-0.494620196833193,-0.479904932070481,-0.521326735114156,-0.132548240150805,"Bajo"
"Manufactura",-0.523697491037867,-0.523697491037867,-0.485716140410256,-0.77706816288079,-0.523697491037868,-0.480615354410768,-0.523697491037868,-0.512505461854794,-0.54951680365724,-0.218415689923313,"Bajo"
"Manufactura",-0.484536456089335,-0.484536456089335,-0.462377907363823,0.328858681086568,-0.484536456089336,-0.448011806075876,-0.484536456089336,-0.473461153333284,-0.502883858842624,-0.216238904881522,"Bajo"
"Manufactura",-0.47944190945979,-0.47944190945979,-0.461401511899636,-0.77706816288079,-0.47944190945979,-0.44049344461726,-0.47944190945979,-0.460889179555588,-0.501491333897653,-0.0871016904273089,"Bajo"
"Manufactura",-0.508112843962846,-0.508112843962846,-0.474380427216274,0.328858681086568,-0.508112843962847,-0.481094994695209,-0.508112843962847,-0.491772346897414,-0.540026941506276,-0.218527319925456,"Bajo"
"Manufactura",-0.513583649575372,-0.513583649575372,-0.476333218144649,-1.13862116956243,-0.513583649575372,-0.478456973130782,-0.513583649575372,-0.502803097970314,-0.508825362920266,-0.218527319925456,"Bajo"
"Manufactura",1.80937910990428,1.80937910990428,0.885000204167863,0.328858681086568,1.80937910990428,0.790275516266014,1.80937910990428,1.70007385315099,0.871149010845956,-0.123976708110246,"Medio"
"Manufactura",-0.0843173010734435,-0.0843173010734435,-0.0822266684656596,1.52694609538454,-0.084317301073444,0.111116864504362,-0.084317301073444,-0.0247892064998266,-0.0924367695549942,0.850117496374693,"Bajo"
"Manufactura",3.2484944680052,3.24849446800519,2.83910093133624,-1.13862116956243,3.2484944680052,1.47991430824271,3.2484944680052,3.08818709095952,3.00183758589496,-0.0313238063314691,"Alto"
"Manufactura",-0.52010798034024,-0.52010798034024,-0.479976840242715,-0.77706816288079,-0.520107980340241,-0.478504937159226,-0.520107980340241,-0.511654119789288,-0.547331065247771,-0.218136614917955,"Bajo"
"Manufactura",-0.5093319230677,-0.5093319230677,-0.46166347165832,1.52694609538454,-0.509331923067701,-0.481250877787652,-0.509331923067701,-0.497673028110063,-0.527035428186103,-0.218415689923313,"Bajo"
"Manufactura",-0.515073635147971,-0.515073635147971,-0.48428726899925,1.52694609538454,-0.515073635147972,-0.482869663747641,-0.515073635147972,-0.504432390543956,2.1713563530051,-0.218527319925456,"Bajo"
"Manufactura",-0.470878255007171,-0.470878255007171,-0.422107548096969,1.52694609538454,-0.470878255007171,-0.427950851179122,-0.470878255007171,-0.447737412474658,-0.500559607531633,-0.216183089880451,"Bajo"
"Manufactura",-0.516044383324059,-0.516044383324059,-0.48369190591133,1.52694609538454,-0.51604438332406,-0.481730518072094,-0.51604438332406,-0.49964726100335,-0.539159929525471,-0.218583134926527,"Bajo"
"Manufactura",-0.532208469232869,-0.532208469232869,-0.492789053894736,-1.13862116956243,-0.532208469232869,-0.483505187124526,-0.532208469232869,-0.519484998960801,-0.552374205033758,-0.218583134926527,"Bajo"
"Manufactura",-0.455022701464405,-0.455022701464404,-0.412438851549161,-1.13862116956243,-0.455022701464405,-0.434473959047523,-0.455022701464405,-0.437044262565665,-0.469017575006011,-0.21545749486652,"Bajo"
"Manufactura",-0.531975188663421,-0.531975188663421,-0.493336787935621,-0.77706816288079,-0.531975188663422,-0.484956098984961,-0.531975188663422,-0.520424410895153,-0.552232396120068,-0.218750579929742,"Bajo"
"Manufactura",-0.463917463822046,-0.463917463822046,-0.43020448609267,-0.0362389629154764,-0.463917463822046,-0.451513180152297,-0.463917463822046,-0.441212903024353,-0.494610707524252,-0.217355204902953,"Bajo"
"Manufactura",-0.503560110268791,-0.503560110268791,-0.479048073825561,-1.13862116956243,-0.503560110268792,-0.478756748308558,-0.503560110268792,-0.493298891290736,-0.528490496971692,-0.218192429919026,"Bajo"
"Manufactura",-0.44767812611664,-0.44767812611664,-0.407961721128009,-1.13862116956243,-0.44767812611664,-0.412986074304556,-0.44767812611664,-0.435921371737885,-0.480732084588113,-0.214062119839732,"Bajo"
"Manufactura",-0.524901519783402,-0.524901519783402,-0.483525204246713,-1.13862116956243,-0.524901519783403,-0.482689798640976,-0.524901519783403,-0.511140378887689,-0.486600272492691,-0.218527319925456,"Bajo"
"Manufactura",-0.508564354742422,-0.508564354742422,-0.474285169122207,-0.0362389629154764,-0.508564354742422,-0.47924837960011,-0.508564354742422,-0.500072932036103,-0.530474133561991,-0.218136614917955,"Bajo"
"Manufactura",-0.44248575215152,-0.442485752151519,-0.381027495030545,1.52694609538454,-0.44248575215152,-0.393524669763354,-0.44248575215152,-0.441968836065277,-0.476294526744769,-0.20931784474865,"Bajo"
"Manufactura",-0.443501651405565,-0.443501651405565,-0.416415876976461,-1.13862116956243,-0.443501651405565,-0.418022297291189,-0.443501651405565,-0.417111115583631,0.864841086684075,-0.215624939869735,"Bajo"
"Manufactura",-0.448716600909664,-0.448716600909664,-0.416011030076676,0.328858681086568,-0.448716600909665,-0.430528917707994,-0.448716600909665,-0.444280670122472,-0.481619596156782,-0.21473189985259,"Bajo"
"Manufactura",1.52373081520572,1.52373081520572,1.1375770405867,0.328858681086568,1.52373081520572,1.71340319870869,1.52373081520572,1.22426170840164,1.38039961176428,-0.0114536659499965,"Medio"
"Manufactura",-0.510513376274257,-0.510513376274257,-0.462354092840306,-0.0362389629154764,-0.510513376274257,-0.481166940737875,-0.510513376274257,-0.494297016470985,-0.534432965735822,-0.218359874922241,"Bajo"
"Manufactura",-0.433282457427835,-0.433282457427835,-0.41222452083751,1.52694609538454,-0.433282457427835,-0.448515428374539,-0.433282457427835,-0.404480428560038,-0.5419785826614,-0.215234234862234,"Bajo"
"Manufactura",-0.425967982798709,-0.425967982798709,-0.431942946309394,1.52694609538454,-0.425967982798709,-0.382792718398982,-0.425967982798709,-0.424068635222427,-0.442818619373505,0.0473282819705162,"Bajo"
"Manufactura",-0.430799148140169,-0.430799148140169,-0.399364678138456,-1.13862116956243,-0.430799148140169,-0.412854173226335,-0.430799148140169,-0.437271776393516,-0.447773249174247,0.0359763144885779,"Bajo"
"Manufactura",-0.523170728461695,-0.523170728461695,-0.486692535874443,-0.77706816288079,-0.523170728461696,-0.484284602586743,-0.523170728461696,-0.51009087961728,-0.545250316884379,-0.21869476492867,"Bajo"
"Manufactura",-0.500158729062654,-0.500158729062654,-0.469212675613136,1.52694609538454,-0.500158729062655,-0.477773485725454,-0.500158729062655,-0.49170629449578,-0.52558357502214,-0.218136614917955,"Bajo"
"Manufactura",-0.532042915280358,-0.532042915280358,-0.491002964630978,-0.77706816288079,-0.532042915280358,-0.485040036034738,-0.532042915280358,-0.521026221665598,-0.551297293351341,-0.218750579929742,"Bajo"
"Manufactura",-0.408848199073131,-0.40884819907313,-0.407652132322291,1.52694609538454,-0.408848199073131,-0.43339476840753,-0.408848199073131,-0.395820224790229,-0.447546869411804,-0.215290049863306,"Bajo"
"Manufactura",-0.421076616019972,-0.421076616019972,-0.386766795198086,-1.13862116956243,-0.421076616019973,-0.377516675270128,-0.421076616019973,-0.395328501355842,-0.432753402123179,-0.20680616970043,"Bajo"
"Manufactura",1.69546294021733,1.69546294021733,2.10940011625896,-0.77706816288079,1.69546294021733,2.51787986578772,1.69546294021733,1.32727409832794,1.54184375422405,0.0126025995118426,"Medio"
"Manufactura",-0.53589580726607,-0.53589580726607,-0.493694005788373,-0.77706816288079,-0.535895807266071,-0.485195919127181,-0.535895807266071,-0.523594926173592,-0.555555741070138,-0.210973183724429,"Bajo"
"Manufactura",-0.416358328373406,-0.416358328373406,-0.422917241896539,-0.77706816288079,-0.416358328373407,-0.415060518534764,-0.416358328373407,-0.414608463477271,-0.556446066307729,-0.214452824847232,"Bajo"
"Manufactura",-0.529672483687585,-0.529672483687585,-0.492527094136051,-0.77706816288079,-0.529672483687586,-0.484080755465856,-0.529672483687586,-0.516453927641368,-0.550806911053435,-0.21869476492867,"Bajo"
"Manufactura",-0.39790658784808,-0.39790658784808,-0.411057609185189,-1.13862116956243,-0.39790658784808,-0.43421015689108,-0.39790658784808,-0.384635351446849,-0.548546570222252,-0.214564454849376,"Bajo"
"Manufactura",-0.416027220468384,-0.416027220468384,-0.382908842388369,-0.77706816288079,-0.416027220468385,-0.449606610021643,-0.416027220468385,-0.392715761913425,-0.427359196846216,-0.217299389901882,"Bajo"
"Manufactura",-0.502852743380789,-0.502852743380789,-0.476595177903334,0.328858681086568,-0.50285274338079,-0.476610358035684,-0.50285274338079,-0.49193380832363,2.97753391764859,-0.218415689923313,"Bajo"
"Manufactura",0.771814863619002,0.771814863619002,1.05248774806129,0.328858681086568,0.771814863619002,1.21725129747559,0.771814863619002,0.854471007430811,0.561483040488773,-0.142674733469216,"Medio"
"Manufactura",-0.387958300338095,-0.387958300338095,-0.383885237852557,-0.77706816288079,-0.387958300338096,-0.440781228787925,-0.387958300338096,-0.372188143316683,-0.42969373814641,-0.216685424890094,"Bajo"
"Manufactura",-0.529868138358735,-0.529868138358735,-0.49055048868416,1.52694609538454,-0.529868138358735,-0.484356548629409,-0.529868138358735,-0.518853831567408,-0.550974123377967,-0.218638949927599,"Bajo"
"Manufactura",-0.531606454860101,-0.531606454860101,-0.490455230590092,-0.77706816288079,-0.531606454860102,-0.4823900234632,-0.531606454860102,-0.519639121231281,-0.550831028215627,-0.218527319925456,"Bajo"
"Manufactura",1.1373354152245,1.1373354152245,0.57417304322701,-1.13862116956243,1.1373354152245,1.8358193903052,1.1373354152245,1.3324261856554,0.87386781893041,-0.114711417932368,"Medio"
"Manufactura",-0.399998587793447,-0.399998587793447,-0.326873268553415,-1.13862116956243,-0.399998587793447,-0.370717774238174,-0.399998587793447,-0.397199986068809,-0.410236011689836,-0.206582909696144,"Bajo"
"Manufactura",-0.513102038077157,-0.513102038077157,-0.484549228757934,-0.77706816288079,-0.513102038077158,-0.481874410157426,-0.513102038077158,-0.501518745716317,-0.536645313414243,-0.218471504924384,"Bajo"
"Manufactura",-0.389561163605589,-0.389561163605589,-0.396030644846108,0.328858681086568,-0.389561163605589,-0.387061516930508,-0.389561163605589,-0.377648475185105,-0.431063592958921,-0.212331854806513,"Bajo"
"Manufactura",-0.402113163277793,-0.402113163277793,-0.420869192874097,1.52694609538454,-0.402113163277794,-0.441320824107921,-0.402113163277794,-0.399335680388312,-0.412494985881828,-0.217020314896524,"Bajo"
"Manufactura",-0.507834412315441,-0.507834412315441,-0.463116157592843,-1.13862116956243,-0.507834412315442,-0.475159446175249,-0.507834412315442,-0.493702544856278,-0.532143443138387,-0.218080799916883,"Bajo"
"Manufactura",-0.391254329028998,-0.391254329028998,-0.4058184140115,1.52694609538454,-0.391254329028998,-0.397481702109994,-0.391254329028998,-0.403533677469948,-0.445453580124072,-0.209429474750793,"Bajo"
"Manufactura",1.41478878927376,1.41478878927376,1.8673016701875,1.52694609538454,1.41478878927376,1.20522431734322,1.41478878927376,1.09357336219064,1.44498022712008,4.37262239670475,"Medio"
"Manufactura",-0.489977160983223,-0.489977160983222,-0.460972850476334,-1.13862116956243,-0.489977160983223,-0.473360795108594,-0.489977160983223,-0.474180390595523,-0.51267285419531,-0.217522649906168,"Bajo"
"Manufactura",-0.515201563202185,-0.515201563202184,-0.469927111318639,0.328858681086568,-0.515201563202185,-0.475974834658799,-0.515201563202185,-0.500549977159016,-0.538439630281334,-0.217857539912597,"Bajo"
"Manufactura",-0.527429980149026,-0.527429980149026,-0.484668301375518,-0.0362389629154764,-0.527429980149027,-0.481862419150315,-0.527429980149027,-0.513518265346518,-0.548890400564571,-0.218359874922241,"Bajo"
"Manufactura",-0.517639721411893,-0.517639721411893,-0.48214396188274,0.328858681086568,-0.517639721411894,-0.476838187170793,-0.517639721411894,-0.505415837412731,-0.36262873352266,-0.217857539912597,"Bajo"
"Manufactura",-0.381576947986759,-0.381576947986759,-0.363785780004405,0.328858681086568,-0.381576947986759,-0.436212655078622,-0.381576947986759,-0.373156911873984,-0.390556407341095,-0.216238904881522,"Bajo"
"Manufactura",-0.362109308207387,-0.362109308207387,-0.339780740299503,-0.77706816288079,-0.362109308207388,-0.405959344137492,-0.362109308207388,-0.380943756111075,-0.377327983097655,-0.215066789859019,"Bajo"
"Manufactura",1.32796326636136,1.32796326636136,0.536236507264799,-0.77706816288079,1.32796326636136,1.28831000561555,1.32796326636136,0.937212649211169,1.03678407297038,-0.105669387758777,"Medio"
"Manufactura",-0.382916429966167,-0.382916429966167,-0.31872870151068,1.52694609538454,-0.382916429966167,-0.432603361938202,-0.382916429966167,-0.363726096751777,-0.400336720515392,-0.215345864864377,"Bajo"
"Manufactura",-0.518422340096491,-0.518422340096491,-0.486763979444993,-0.77706816288079,-0.518422340096492,-0.483721025252525,-0.518422340096492,-0.506223144543815,-0.541192202392857,-0.218638949927599,"Bajo"
"Manufactura",-0.510242469806512,-0.510242469806511,-0.471998974864597,-0.77706816288079,-0.510242469806512,-0.474775733947696,-0.510242469806512,-0.499287642372231,-0.529556475540582,-0.218080799916883,"Bajo"
"Manufactura",2.34341853480675,2.34341853480674,2.6382254254723,1.52694609538454,2.34341853480675,2.7865863441388,2.34341853480675,2.43459123763403,2.36654691700539,-0.0804968222755067,"Alto"
"Manufactura",-0.504177175000878,-0.504177175000878,-0.478262194549507,-1.13862116956243,-0.504177175000879,-0.471526171020607,-0.504177175000879,-0.493812632192335,-0.529017858918293,-0.217690094909382,"Bajo"
"Manufactura",-0.35146117898906,-0.35146117898906,-0.293699637294557,-1.13862116956243,-0.351461178989061,-0.334492941755751,-0.351461178989061,-0.310341077919923,-0.39850220837798,-0.206638724697215,"Bajo"
"Manufactura",-0.527904066467581,-0.52790406646758,-0.487668931338631,1.52694609538454,-0.527904066467581,-0.482066266271202,-0.527904066467581,-0.514347589944813,-0.548327666780089,-0.218527319925456,"Bajo"
"Manufactura",4.3491723960955,4.34917239609549,3.23244541626269,1.52694609538454,4.3491723960955,4.6721242483199,4.3491723960955,5.03500089841249,3.61879961347125,0.0434124801033395,"Alto"
"Manufactura",-0.348473682664201,-0.348473682664201,-0.385504625451697,-0.0362389629154764,-0.348473682664202,-0.428886149733782,-0.348473682664202,-0.361759203014227,-0.363343887772196,-0.214062119839732,"Bajo"
"Manufactura",-0.0330482520526238,-0.0330482520526239,-0.119472583245884,-0.77706816288079,-0.0330482520526243,0.0367006743733071,-0.0330482520526243,-0.0586667493823999,-0.126377012688997,-0.193354754442186,"Bajo"
"Manufactura",-0.534315519537555,-0.534315519537555,-0.492574723183085,-1.13862116956243,-0.534315519537556,-0.48518392812007,-0.534315519537556,-0.521606014968831,-0.554774988139439,-0.218750579929742,"Bajo"
"Manufactura",-0.33568087724289,-0.33568087724289,-0.351711816581403,-0.0362389629154764,-0.33568087724289,-0.343162439897026,-0.33568087724289,-0.309805319551113,-0.350224151539702,0.259479225659451,"Bajo"
"Manufactura",-0.33048850327777,-0.330488503277769,-0.386576279009952,-0.0362389629154764,-0.33048850327777,-0.373907382129708,-0.33048850327777,-0.316190385042412,-0.380578333436823,-0.211606259792583,"Bajo"
"Manufactura",0.938226686611282,0.938226686611282,0.580221932200269,1.52694609538454,0.938226686611282,0.414945002683651,0.938226686611282,0.978899053798044,0.70370355374631,-0.146916673550654,"Medio"
"Manufactura",0.687683355024732,0.687683355024731,0.186567858468098,-0.77706816288079,0.687683355024731,1.16264425109195,0.687683355024731,0.626568204325838,0.489581740940104,-0.0441612565779262,"Medio"
"Manufactura",-0.517368814944148,-0.517368814944148,-0.477881162173239,-1.13862116956243,-0.517368814944148,-0.480711282467656,-0.517368814944148,-0.506524049929037,-0.536555276008726,-0.218415689923313,"Bajo"
"Manufactura",-0.49207668610825,-0.492076686108249,-0.448732185388715,0.328858681086568,-0.49207668610825,-0.47307301093793,-0.49207668610825,-0.47947192188199,-0.518676419770327,-0.217857539912597,"Bajo"
"Manufactura",-0.322022676160725,-0.322022676160725,-0.372478081088025,-1.13862116956243,-0.322022676160726,-0.402014302797963,-0.322022676160726,-0.355337441744242,-0.373343184779197,-0.211773704795798,"Bajo"
"Manufactura",-0.512793505711114,-0.512793505711114,-0.483787164005397,1.52694609538454,-0.512793505711115,-0.47855290118767,-0.512793505711115,-0.503749849060403,-0.536381632440943,-0.218359874922241,"Bajo"
"Manufactura",0.658907068006441,0.658907068006441,0.181757324717711,-1.13862116956243,0.658907068006441,0.410328464945904,0.658907068006441,0.546292518873155,0.669781318093411,2.59649922278223,"Medio"
"Manufactura",0.17082391528512,0.17082391528512,0.16584922300851,-1.13862116956243,0.170823915285119,0.371201808742612,0.170823915285119,0.0984498966379923,0.0478582294731274,-0.139381648405994,"Bajo"
"Manufactura",0.419004340458558,0.419004340458557,0.126412372064743,-1.13862116956243,0.419004340458557,0.279578523407228,0.419004340458557,0.347078475544608,0.25996063189845,-0.184089464264308,"Bajo"
"Manufactura",-0.323384733679112,-0.323384733679112,-0.312298780161153,-0.77706816288079,-0.323384733679112,-0.39185791977492,-0.323384733679112,-0.340754539294573,-0.337613769772705,-0.213336524825801,"Bajo"
"Manufactura",-0.522967548610886,-0.522967548610886,-0.476809508614985,1.52694609538454,-0.522967548610887,-0.483589124174303,-0.522967548610887,-0.509621173650104,-0.545076673316596,-0.21869476492867,"Bajo"
"Manufactura",-0.32099925172702,-0.32099925172702,-0.280363504125167,1.52694609538454,-0.320999251727021,-0.326650823105137,-0.320999251727021,-0.315214277329375,-0.362057960684114,-0.202675859621135,"Bajo"
"Manufactura",-0.53386400875798,-0.53386400875798,-0.492408021518467,-0.0362389629154764,-0.53386400875798,-0.485111982077404,-0.53386400875798,-0.521451892698351,-0.553529336712218,-0.218750579929742,"Bajo"
"Manufactura",-0.294570820762523,-0.294570820762523,-0.270528105912742,1.52694609538454,-0.294570820762524,-0.344541405714794,-0.294570820762524,-0.26193200667784,-0.38240601237828,-0.203513084637208,"Bajo"
"Manufactura",-0.520559491119816,-0.520559491119816,-0.475714040533213,0.328858681086568,-0.520559491119816,-0.48041150728988,-0.520559491119816,-0.506340571035609,-0.388604605404889,-0.218415689923313,"Bajo"
"Manufactura",-0.280114950636442,-0.280114950636442,-0.338447126982564,1.52694609538454,-0.280114950636442,-0.367324319225752,-0.280114950636442,-0.268617977554362,-0.296006278825135,-0.208424804731505,"Bajo"
"Manufactura",-0.5171355343747,-0.5171355343747,-0.483739534958364,-1.13862116956243,-0.517135534374701,-0.478025296874785,-0.517135534374701,-0.501709563765482,-0.540092459796898,-0.218359874922241,"Bajo"
"Manufactura",1.26544407374944,1.26544407374944,1.71250726732851,-0.0362389629154764,1.26544407374944,0.712633745222092,1.26544407374944,1.01104455592666,0.983353304039224,-0.149205088594588,"Medio"
"Manufactura",-0.525894843498469,-0.525894843498469,-0.486287688974658,-1.13862116956243,-0.525894843498469,-0.484488449707631,-0.525894843498469,-0.513342125608827,-0.547578426941321,-0.21869476492867,"Bajo"
"Manufactura",3.43214647759761,3.43214647759761,4.25204042610959,-1.13862116956243,3.43214647759761,3.5772133980046,3.43214647759761,3.57646846130624,2.83508187963401,0.216997133435867,"Alto"
"Manufactura",-0.527136498142302,-0.527136498142302,-0.486692535874443,-1.13862116956243,-0.527136498142302,-0.481778482100538,-0.527136498142302,-0.51489068746936,-0.547606081287301,-0.218583134926527,"Bajo"
"Manufactura",-0.532780382886998,-0.532780382886998,-0.493098642700454,1.52694609538454,-0.532780382886999,-0.48518392812007,-0.532780382886999,-0.519396929091956,-0.55346301451619,-0.218750579929742,"Bajo"
"Manufactura",-0.513207390592392,-0.513207390592392,-0.467069368496626,-0.0362389629154764,-0.513207390592392,-0.480783228510322,-0.513207390592392,-0.503045290109639,-0.53673535081976,-0.218248244920098,"Bajo"
"Manufactura",-0.288174418051868,-0.288174418051868,-0.33987599839357,1.52694609538454,-0.288174418051868,-0.399807957489534,-0.288174418051868,-0.255084574375102,-0.30150362516574,0.371106905898511,"Bajo"
"Manufactura",-0.516367966049422,-0.516367966049422,-0.4765475488563,-1.13862116956243,-0.516367966049422,-0.480507435346768,-0.516367966049422,-0.504836044109498,-0.539436472985273,-0.218527319925456,"Bajo"
"Manufactura",2.26203371678823,2.26203371678823,1.06234696079723,-0.0362389629154764,2.26203371678823,1.9668091519861,2.26203371678823,2.71321494603828,2.28395166578804,-0.111920667878791,"Medio"
"Manufactura",-0.513538498497414,-0.513538498497414,-0.465211835662319,-1.13862116956243,-0.513538498497415,-0.475926870630355,-0.513538498497415,-0.502333392003138,-0.537018325522814,-0.21830405992117,"Bajo"
"Manufactura",-0.52753533266426,-0.52753533266426,-0.491574513195381,1.52694609538454,-0.527535332664261,-0.480951102609877,-0.527535332664261,-0.51435492910055,-0.548980437970088,-0.218583134926527,"Bajo"
"Manufactura",-0.507909664112037,-0.507909664112037,-0.468950715854451,1.52694609538454,-0.507909664112038,-0.480543408368102,-0.507909664112038,-0.494920844708641,-0.532207755570899,-0.218583134926527,"Bajo"
"Manufactura",-0.529822987280777,-0.529822987280777,-0.48604954373949,0.328858681086568,-0.529822987280778,-0.48471627884274,-0.529822987280778,-0.519015292993625,-0.550935535918459,-0.21869476492867,"Bajo"
"Manufactura",-0.5223504838788,-0.522350483878799,-0.486763979444993,1.52694609538454,-0.5223504838788,-0.481778482100538,-0.5223504838788,-0.509085415281294,-0.541664255647497,-0.218583134926527,"Bajo"
"Manufactura",0.685388175228555,0.685388175228555,0.70989201274907,0.328858681086568,0.685388175228555,0.908039197103444,0.685388175228555,0.483234492779769,0.48762021174848,-0.134469928311698,"Medio"
"Manufactura",-0.273959353674893,-0.273959353674893,-0.359189576965669,0.328858681086568,-0.273959353674894,-0.278950596817458,-0.273959353674894,-0.308887925083972,-0.289759129911979,-0.207866654720789,"Bajo"
"Manufactura",-0.502205577930064,-0.502205577930064,-0.457257784807718,0.328858681086568,-0.502205577930065,-0.471298341885497,-0.502205577930065,-0.486877130020751,-0.524168701506871,-0.218248244920098,"Bajo"
"Manufactura",-0.261715886368732,-0.261715886368732,-0.198131954421768,-0.77706816288079,-0.261715886368733,-0.247390266101226,-0.261715886368733,-0.230160801491822,-0.321803201363899,-0.192852419432542,"Bajo"
"Manufactura",-0.287745482811271,-0.287745482811271,-0.29050849114331,-1.13862116956243,-0.287745482811271,-0.399112479077094,-0.287745482811271,-0.300719444748551,-0.301063728127356,0.37211479086186,"Bajo"
"Manufactura",-0.515397217873334,-0.515397217873334,-0.481072308324486,0.328858681086568,-0.515397217873334,-0.475543158402802,-0.515397217873334,-0.501584798117951,-0.534787889972749,-0.218080799916883,"Bajo"
"Manufactura",-0.246913857978309,-0.246913857978309,-0.197298446098681,-0.77706816288079,-0.24691385797831,-0.26104802320069,-0.24691385797831,-0.223827110090682,-0.547011191286563,-0.205410794673641,"Bajo"
"Manufactura",1.19440637776287,1.19440637776287,0.680981181199714,0.328858681086568,1.19440637776287,1.60387733975654,1.19440637776287,1.13212594727776,0.922642367747683,-0.0130723009810715,"Medio"
"Manufactura",-0.523396483851483,-0.523396483851483,-0.483382317105612,-1.13862116956243,-0.523396483851484,-0.481274859801874,-0.523396483851484,-0.513011863600656,-0.544259262299365,-0.21830405992117,"Bajo"
"Manufactura",-0.256335382912122,-0.256335382912122,-0.257739706784238,-0.0362389629154764,-0.256335382912122,-0.336243628793961,-0.256335382912122,-0.304822032805604,-0.534185523651731,-0.204852644662925,"Bajo"
"Manufactura",-0.523501836366718,-0.523501836366717,-0.485430366128054,0.328858681086568,-0.523501836366718,-0.48424862956541,-0.523501836366718,-0.513782474953054,-0.54301304813836,-0.218750579929742,"Bajo"
"Manufactura",-0.246974059415586,-0.246974059415586,-0.313537135384025,1.52694609538454,-0.246974059415586,-0.262474953046902,-0.246974059415586,-0.275003043045662,-0.259250357005207,0.467916908957097,"Bajo"
"Manufactura",-0.21532315376733,-0.21532315376733,-0.128426844088189,1.52694609538454,-0.215323153767331,-0.283291341391651,-0.215323153767331,-0.223592257107094,-0.226790586067636,0.542288209936899,"Bajo"
"Manufactura",1.94926467459649,1.94926467459649,2.50572141662501,0.328858681086568,1.94926467459649,0.78719382743848,1.94926467459649,2.04727463276294,1.56776680952108,-0.124032523111318,"Medio"
"Manufactura",-0.53087651243312,-0.53087651243312,-0.488026149191382,1.52694609538454,-0.530876512433121,-0.484896143949406,-0.530876512433121,-0.518354768977284,-0.551835909973631,-0.218750579929742,"Bajo"
"Manufactura",1.19642312591164,1.19642312591164,1.22940584326736,-0.0362389629154764,1.19642312591164,1.21582436762937,1.19642312591164,1.05190163591524,0.92436594093901,-0.110581107853073,"Medio"
"Manufactura",-0.519295260937004,-0.519295260937004,-0.472213305576248,0.328858681086568,-0.519295260937005,-0.483133465904084,-0.519295260937005,-0.507698314846977,-0.538743908477657,-0.218583134926527,"Bajo"
"Manufactura",-0.529431677938478,-0.529431677938478,-0.486001914692457,-1.13862116956243,-0.529431677938479,-0.48436853963652,-0.529431677938479,-0.516872259518384,-0.550601111269396,-0.218638949927599,"Bajo"
"Manufactura",-0.529800411741798,-0.529800411741798,-0.486906866586094,1.52694609538454,-0.529800411741799,-0.484152701508522,-0.529800411741799,-0.51808322021501,-0.550916242188706,-0.218638949927599,"Bajo"
"Manufactura",3.3597918751706,3.3597918751706,3.68404022571116,0.328858681086568,3.3597918751706,5.04241853891563,3.3597918751706,2.60364135088299,3.4396894889247,8.94286792191763,"Alto"
"Manufactura",-0.523261030617611,-0.52326103061761,-0.480691275948218,-0.0362389629154764,-0.523261030617611,-0.482701789648087,-0.523261030617611,-0.513459552100621,-0.543962781985484,-0.218471504924384,"Bajo"
"Manufactura",0.527096021088978,0.527096021088977,0.499633584619527,1.52694609538454,0.527096021088977,0.061893780313582,0.527096021088977,0.438649121676729,0.352339009959012,1.86918055231496,"Medio"
"Manufactura",-0.0664374742022461,-0.0664374742022462,-0.109541926939392,-0.77706816288079,-0.0664374742022466,0.0235225575582846,-0.0664374742022466,-0.0395042137527642,-0.154912438994671,-0.183140609246092,"Bajo"
"Manufactura",1.06851764723751,1.06851764723751,0.741851103308572,0.328858681086568,1.06851764723751,1.53454533664056,1.06851764723751,0.747906466127742,1.07268447865682,-0.0167002760507224,"Medio"
"Manufactura",-0.525608886671404,-0.525608886671404,-0.480548388807117,0.328858681086568,-0.525608886671405,-0.47947620873522,-0.525608886671405,-0.513554961125203,-0.547334039697775,-0.218471504924384,"Bajo"
"Manufactura",-0.506171347610671,-0.50617134761067,-0.464878432333084,-0.77706816288079,-0.506171347610671,-0.480099741104993,-0.506171347610671,-0.491926469167893,-0.542246283161733,-0.218527319925456,"Bajo"
"Manufactura",3.68454852856008,3.68454852856008,4.345655318054,1.52694609538454,3.68454852856008,3.03249791797182,3.68454852856008,3.0115222701295,3.72762348443059,0.0420729200776223,"Alto"
"Manufactura",-0.16126978827246,-0.16126978827246,-0.052029852646398,-1.13862116956243,-0.161269788272461,-0.344505432693461,-0.161269788272461,-0.131353747802895,-0.235958966446579,-0.205299164671498,"Bajo"
"Manufactura",-0.155264694904104,-0.155264694904104,-0.219660283680926,-0.77706816288079,-0.155264694904104,-0.353366786948513,-0.155264694904104,-0.154097791432249,-0.230826834332104,-0.210992294780796,"Bajo"
"Manufactura",-0.493882729226552,-0.493882729226552,-0.441778344521819,-0.77706816288079,-0.493882729226553,-0.47180196418416,-0.493882729226553,-0.473732702095558,-0.52021991815062,-0.217466834905096,"Bajo"
"Manufactura",-0.521176555851903,-0.521176555851903,-0.485382737081021,-0.0362389629154764,-0.521176555851903,-0.482425996484533,-0.521176555851903,-0.506032326494649,-0.543546037422805,-0.218638949927599,"Bajo"
"Manufactura",-0.499932973672867,-0.499932973672866,-0.477714460508622,-0.0362389629154764,-0.499932973672867,-0.474727769919252,-0.499932973672867,-0.4888440237583,-0.525390637724603,-0.218136614917955,"Bajo"
"Manufactura",-0.173076795158365,-0.173076795158365,-0.318109523899244,-1.13862116956243,-0.173076795158365,-0.277523666971245,-0.173076795158365,-0.177524376545155,-0.187376149068734,-0.204852644662925,"Bajo"
"Manufactura",-0.534112339686746,-0.534112339686746,-0.491788843907031,0.328858681086568,-0.534112339686747,-0.484236638558299,-0.534112339686747,-0.521209700559026,-0.554601344571656,-0.218750579929742,"Bajo"
"Manufactura",-0.164362637112554,-0.164362637112554,-0.25581073037938,1.52694609538454,-0.164362637112554,-0.263218395487786,-0.164362637112554,-0.12705300254094,-0.238602207422832,-0.19854554954184,"Bajo"
"Manufactura",-0.132674105566,-0.132674105566,-0.132808716415274,0.328858681086568,-0.132674105566,-0.137096982693968,-0.132674105566,-0.130443692491492,-0.541776320061149,-0.199103699552555,"Bajo"
"Manufactura",1.50081664314225,1.50081664314225,2.00292538161549,1.52694609538454,1.50081664314225,1.2314006858666,1.50081664314225,1.83289055452576,1.70642280620662,-0.110134587844501,"Medio"
"Manufactura",-0.512153865440049,-0.512153865440048,-0.483810978528914,-0.77706816288079,-0.512153865440049,-0.476766241128127,-0.512153865440049,-0.497995950962496,-0.531496299286233,-0.217857539912597,"Bajo"
"Manufactura",-0.121566940388438,-0.121566940388438,-0.0922525828662188,-0.77706816288079,-0.121566940388438,-0.0486992782714517,-0.121566940388438,-0.073000120537007,-0.135100190253874,-0.182470829233233,"Bajo"
"Manufactura",-0.0734659920043076,-0.0734659920043077,-0.165934718627098,-1.13862116956243,-0.0734659920043081,-0.132420489920666,-0.0734659920043081,-0.0874289007161966,-0.0862838383554682,-0.194303609460402,"Bajo"
"Manufactura",-0.534578900825641,-0.534578900825641,-0.494741844823111,0.328858681086568,-0.534578900825642,-0.484824197906739,-0.534578900825642,-0.521826189640944,-0.492048660994046,-0.21869476492867,"Bajo"
"Manufactura",-0.497126081659838,-0.497126081659837,-0.446827023507374,-0.77706816288079,-0.497126081659838,-0.474643832869475,-0.497126081659838,-0.493034681684199,-0.546369353210091,-0.21830405992117,"Bajo"
"Transporte",-0.416182411267249,-0.41618241126725,-0.40361772876279,-1.73438909108034,-0.41618241126725,-0.402318147059455,-0.41618241126725,-0.417955185280773,-0.423544559072744,-0.195153743369932,"Bajo"
"Transporte",2.11549545597544,2.11549545597544,1.11163888757399,-1.07764650992243,2.11549545597544,2.32022851512375,2.11549545597544,2.29604023477576,2.63739415700128,0.0711243772297498,"Medio"
"Transporte",2.45143674428163,2.45143674428163,3.38054571647312,-1.24796656393701,2.45143674428163,1.61452010133533,2.45143674428163,2.14163528655709,2.19785689563267,6.09442982562208,"Alto"
"Transporte",-0.427076472120612,-0.427076472120613,-0.403219919202187,-0.846704063800962,-0.427076472120613,-0.401974010966906,-0.427076472120613,-0.42709480582838,-0.434667332991702,-0.19529057693653,"Bajo"
"Transporte",-0.434528141196027,-0.434528141196028,-0.412369539096055,-1.07764650992243,-0.434528141196028,-0.404755777715015,-0.434528141196028,-0.43384189889568,-0.441462148916737,-0.195495827286427,"Bajo"
"Transporte",-0.420536749315728,-0.420536749315728,-0.409670117077678,0.443686853902724,-0.420536749315728,-0.401644213878212,-0.420536749315728,-0.425033424020088,-0.431527643656701,-0.195085326586633,"Bajo"
"Transporte",-0.427536553121961,-0.427536553121961,-0.399952197811519,-1.07764650992243,-0.427536553121961,-0.400941602689257,-0.427536553121961,-0.42687956114157,-0.437755002226657,-0.195222160153231,"Bajo"
"Transporte",-0.41349586684866,-0.41349586684866,-0.381169903557335,0.443686853902724,-0.41349586684866,-0.392954777541334,-0.41349586684866,-0.41001596779422,-0.414590432621264,-0.194401158753643,"Bajo"
"Transporte",-0.40860750620933,-0.408607506209331,-0.400520497183809,-0.846704063800962,-0.408607506209331,-0.388681754392177,-0.408607506209331,-0.402631419308292,-0.41324953355891,-0.193990658053849,"Bajo"
"Transporte",-0.412764666685802,-0.412764666685803,-0.397963150008504,0.697723544636336,-0.412764666685802,-0.375045361724898,-0.412764666685802,-0.413592341051979,-0.418623991147895,-0.193716990920653,"Bajo"
"Transporte",-0.420963967388409,-0.420963967388409,-0.406629715435926,0.443686853902724,-0.420963967388409,-0.398905464141672,-0.420963967388409,-0.425463913393707,-0.432013164590462,-0.195222160153231,"Bajo"
"Transporte",1.0139465184964,1.0139465184964,0.860592639864887,0.443686853902724,1.0139465184964,0.647540698282452,1.0139465184964,1.09384070845168,1.58981338227822,-0.0837712201591711,"Medio"
"Transporte",-0.41430100860102,-0.41430100860102,-0.405208967005201,-1.24796656393701,-0.41430100860102,-0.398575667052978,-0.41430100860102,-0.416191834577295,-0.419852084718574,-0.194880076236736,"Bajo"
"Transporte",-0.393564500611662,-0.393564500611663,-0.3973664356676,0.863713427786139,-0.393564500611663,-0.382057134610596,-0.393564500611663,-0.399526928633154,-0.421897351179534,-0.193374907004158,"Bajo"
"Transporte",-0.397869544267139,-0.39786954426714,-0.392109666473917,-0.846704063800962,-0.39786954426714,-0.381211133383078,-0.39786954426714,-0.396099570927801,-0.424743022146876,-0.194127491620447,"Bajo"
"Transporte",-0.400695756132567,-0.400695756132567,-0.388870360051865,0.443686853902724,-0.400695756132567,-0.379705537978174,-0.400695756132567,-0.399684222827361,-0.417327680742724,-0.192622322387869,"Bajo"
"Transporte",-0.393934208559175,-0.393934208559175,-0.392933700563738,-1.24796656393701,-0.393934208559175,-0.36368887067076,-0.393934208559175,-0.395346214523968,-0.396233434899228,-0.192211821688075,"Bajo"
"Transporte",-0.425942701081575,-0.425942701081575,-0.40475432750737,-0.846704063800962,-0.425942701081575,-0.396596884520818,-0.425942701081575,-0.429247252696476,-0.443299620802238,-0.194811659453437,"Bajo"
"Transporte",-0.392077453089446,-0.392077453089447,-0.368866222147257,-1.24796656393701,-0.392077453089446,-0.370729321564171,-0.392077453089446,-0.39494883971755,-0.39657642456986,-0.193169656654261,"Bajo"
"Transporte",-0.382366457668123,-0.382366457668123,-0.390149033639517,0.443686853902724,-0.382366457668123,-0.351486378389105,-0.382366457668123,-0.387911994187237,-0.414495348262572,-0.192417072037972,"Bajo"
"Transporte",-0.438824969119337,-0.438824969119338,-0.419672186029981,-0.846704063800962,-0.438824969119337,-0.404540692657172,-0.438824969119337,-0.440704892948185,-0.401189445090042,-0.195564244069726,"Bajo"
"Transporte",3.53064710599876,3.53064710599876,3.63241599827204,-0.384819171558032,3.53064710599876,3.1454525260539,3.53064710599876,4.19147666817908,4.15496319715128,0.197763843116186,"Alto"
"Transporte",-0.376097854024747,-0.376097854024747,-0.361734065025018,-0.846704063800962,-0.376097854024747,-0.384035917142757,-0.376097854024747,-0.369756932719029,-0.410351747216613,-0.194743242670138,"Bajo"
"Transporte",-0.425770170706069,-0.425770170706069,-0.407055939965144,-1.24796656393701,-0.425770170706069,-0.400095601461739,-0.425770170706069,-0.423096221838802,-0.443185576736753,-0.195085326586633,"Bajo"
"Transporte",-0.424578889541862,-0.424578889541863,-0.39648557164055,0.443686853902724,-0.424578889541863,-0.39853265004141,-0.424578889541863,-0.42461121328827,-0.442398129617928,-0.194743242670138,"Bajo"
"Transporte",2.87347890569736,2.87347890569736,1.65635383591393,1.67489876978779,2.87347890569736,3.42735734186746,2.87347890569736,3.05682258030421,3.23889457073897,8.56140340195257,"Alto"
"Transporte",-0.414046320903845,-0.414046320903845,-0.397991564977119,2.1974060541376,-0.414046320903845,-0.401887976943768,-0.414046320903845,-0.409510970644398,-0.426942443409804,-0.195222160153231,"Bajo"
"Transporte",-0.363273096112153,-0.363273096112154,-0.324879850732013,-0.846704063800962,-0.363273096112153,-0.337477171621564,-0.363273096112153,-0.371487168855306,-0.379838528643024,-0.192211821688075,"Bajo"
"Transporte",-0.433336860031821,-0.433336860031821,-0.4126536887822,0.443686853902724,-0.433336860031821,-0.403293199321679,-0.433336860031821,-0.433212722118852,-0.441927281020077,-0.195495827286427,"Bajo"
"Transporte",-0.41950978279486,-0.419509782794861,-0.398815599066939,0.443686853902724,-0.41950978279486,-0.393972846815127,-0.41950978279486,-0.420074517581668,-0.432011068542475,-0.194743242670138,"Bajo"
"Transporte",-0.349487097536027,-0.349487097536027,-0.331926762948409,-1.24796656393701,-0.349487097536027,-0.368965624089854,-0.349487097536027,-0.350260731279162,-0.367048824924795,-0.191459237071787,"Bajo"
"Transporte",-0.433665489318499,-0.433665489318499,-0.414898471302746,-0.846704063800962,-0.433665489318499,-0.401930993955337,-0.433665489318499,-0.434562140732312,-0.445143761931336,-0.195085326586633,"Bajo"
"Transporte",-0.412000603594277,-0.412000603594277,-0.394553353774764,-0.846704063800962,-0.412000603594277,-0.389900569719957,-0.412000603594277,-0.410984568884863,-0.425044567232307,-0.194743242670138,"Bajo"
"Transporte",-0.357801418488971,-0.357801418488971,-0.339826124223239,0.443686853902724,-0.357801418488971,-0.351787497470086,-0.357801418488971,-0.370030127898441,-0.35841768041316,-0.191664487421684,"Bajo"
"Transporte",-0.440254506516385,-0.440254506516385,-0.419530111186909,2.22627385990278,-0.440254506516385,-0.404225234572335,-0.440254506516385,-0.441946689218241,-0.449949428316523,-0.195495827286427,"Bajo"
"Transporte",-0.408993645621177,-0.408993645621177,-0.403788218574476,2.10502907568901,-0.408993645621177,-0.392854404514341,-0.408993645621177,-0.410578915436645,-0.422254917911168,-0.194401158753643,"Bajo"
"Transporte",-0.352099700365114,-0.352099700365115,-0.359176717849713,-0.846704063800962,-0.352099700365114,-0.368736200028155,-0.352099700365114,-0.366652442043891,-0.36947261859726,-0.19125398672189,"Bajo"
"Transporte",-0.33828083886032,-0.338280838860321,-0.292429956574255,-0.37038526867544,-0.338280838860321,-0.328673023253836,-0.338280838860321,-0.331294362914518,0.593303769512247,-0.188654148956528,"Bajo"
"Transporte",-0.330401951712224,-0.330401951712225,-0.351788826009943,0.443686853902724,-0.330401951712225,-0.297901520978357,-0.330401951712225,-0.35135351199681,0.301849630741518,-0.186601645457558,"Bajo"
"Transporte",-0.408763605120502,-0.408763605120503,-0.381113073620106,0.697723544636336,-0.408763605120502,-0.392840065510485,-0.408763605120502,-0.416208391860896,-0.413430555885077,-0.194948493020035,"Bajo"
"Transporte",1.20024646111394,1.20024646111394,0.598578214270591,0.443686853902724,1.20024646111394,0.658467019220903,1.20024646111394,0.909789943945893,1.07068765443728,-0.0817871334435003,"Medio"
"Transporte",-0.420117746975214,-0.420117746975214,-0.390944652760723,0.443686853902724,-0.420117746975214,-0.395836917316438,-0.420117746975214,-0.42216073531536,-0.432575096000847,-0.19460640910354,"Bajo"
"Transporte",-0.440500978481393,-0.440500978481393,-0.418308267536486,0.443686853902724,-0.440500978481393,-0.405530083923252,-0.440500978481393,-0.442683488338473,-0.451485259841685,-0.195564244069726,"Bajo"
"Transporte",-0.42429133891602,-0.42429133891602,-0.413761872558166,-1.24796656393701,-0.42429133891602,-0.403350555337104,-0.42429133891602,-0.422028277046555,-0.436447068282647,-0.195427410503128,"Bajo"
"Transporte",-0.428390989267323,-0.428390989267323,-0.413562967777864,0.443686853902724,-0.428390989267323,-0.399980889430889,-0.428390989267323,-0.430944374265551,-0.342248575690122,-0.19529057693653,"Bajo"
"Transporte",-0.430905003310407,-0.430905003310407,-0.412852593562502,-0.846704063800962,-0.430905003310407,-0.400755195639126,-0.430905003310407,-0.433576982358068,-0.442582772390618,-0.19529057693653,"Bajo"
"Transporte",-0.410456045946892,-0.410456045946892,-0.384181890230472,-0.846704063800962,-0.410456045946892,-0.388853822438451,-0.410456045946892,-0.406431315894661,-0.417036901721955,-0.194332741970344,"Bajo"
"Transporte",-0.425663366187899,-0.425663366187899,-0.40640239568701,-1.24796656393701,-0.425663366187899,-0.403622996410373,-0.425663366187899,-0.427740539888809,-0.437719941060326,-0.19529057693653,"Bajo"
"Transporte",-0.301523653145429,-0.301523653145429,-0.33976929428601,1.39776783444203,-0.301523653145429,-0.280723394358588,-0.301523653145429,-0.309422191277945,-0.322551631654817,-0.185438560141475,"Bajo"
"Transporte",-0.313206424286818,-0.313206424286819,-0.334143130500339,-0.846704063800962,-0.313206424286818,-0.347227694243803,-0.313206424286818,-0.315357977448809,-0.308771068888096,-0.190980319588694,"Bajo"
"Transporte",-0.430880356113906,-0.430880356113906,-0.405095307130743,-0.846704063800962,-0.430880356113906,-0.401701569893637,-0.430880356113906,-0.431714287952985,-0.442559906412576,-0.195358993719829,"Bajo"
"Transporte",-0.311062118191247,-0.311062118191247,-0.317236224174712,-0.846704063800962,-0.311062118191247,-0.267760934872553,-0.311062118191247,-0.285993634982903,-0.318892312968809,-0.182017720976525,"Bajo"
"Transporte",2.63270865881301,2.63270865881301,2.35314569627868,0.492762123703536,2.63270865881301,2.89545199382045,2.63270865881301,3.22948193369269,2.97085042973795,0.193932503251443,"Alto"
"Transporte",4.64457715185338,4.64457715185338,5.33600702658571,-0.846704063800962,4.64457715185337,2.73476911660749,4.64457715185337,4.55462756939404,4.26610137792686,0.00202342609776656,"Alto"
"Transporte",-0.405510175182394,-0.405510175182394,-0.39023427854536,0.795874084237959,-0.405510175182394,-0.386315818755898,-0.405510175182394,-0.409519249286198,-0.419023193014547,-0.193990658053849,"Bajo"
"Transporte",-0.440583135803062,-0.440583135803063,-0.420950859617634,-0.846704063800962,-0.440583135803063,-0.404626726680309,-0.440583135803063,-0.44216193390505,-0.450330527950558,-0.195495827286427,"Bajo"
"Transporte",3.01428833930655,3.01428833930655,3.52401289300772,-0.37038526867544,3.01428833930655,3.64353216400405,3.01428833930655,3.41603284802219,2.75363126033044,0.275416892160544,"Alto"
"Transporte",-0.402174587922616,-0.402174587922616,-0.375799474489195,0.443686853902724,-0.402174587922616,-0.393442303672446,-0.402174587922616,-0.405346813818812,-0.41592866398618,-0.194469575536942,"Bajo"
"Transporte",-0.437929454313141,-0.437929454313141,-0.416461294576543,1.31982475887603,-0.437929454313141,-0.403522623383379,-0.437929454313141,-0.440564156037579,-0.449099576132624,-0.19529057693653,"Bajo"
"Transporte",1.58727317203417,1.58727317203417,2.11613644306514,-0.384819171558032,1.58727317203417,1.84456074020089,1.58727317203417,1.9035332697367,-0.44903078764868,0.0430050792938636,"Medio"
"Transporte",-0.421489774247093,-0.421489774247093,-0.391427707227169,0.443686853902724,-0.421489774247093,-0.403752047445079,-0.421489774247093,-0.427185870888184,-0.431867203430626,-0.195358993719829,"Bajo"
"Transporte",-0.43430631642752,-0.43430631642752,-0.417683138226967,2.20029283471412,-0.43430631642752,-0.402963402232986,-0.43430631642752,-0.435365168986948,-0.445738277360431,-0.195495827286427,"Bajo"
"Transporte",3.59973319779056,3.59973319779056,4.16897585061962,-0.846704063800962,3.59973319779056,3.31296076910242,3.59973319779056,2.98198365842888,3.29676683676506,0.101296178664606,"Alto"
"Transporte",-0.283054687234147,-0.283054687234147,-0.33243823238347,1.94769953426877,-0.283054687234147,-0.257178750026652,-0.283054687234147,-0.300332242581141,-0.275203813122255,-0.183933390908897,"Bajo"
"Transporte",-0.284632107810199,-0.2846321078102,-0.283877051021291,1.17404233976186,-0.2846321078102,-0.347170338228378,-0.2846321078102,-0.312112749863065,-0.269479696619043,-0.188654148956528,"Bajo"
"Transporte",-0.278881095293341,-0.278881095293342,-0.303483379365295,0.443686853902724,-0.278881095293341,-0.28985733981501,-0.278881095293341,-0.255428889455943,-0.301545419826784,-0.187969981123538,"Bajo"
"Transporte",-0.284993600025545,-0.284993600025545,-0.255462082406792,2.33741491209874,-0.284993600025545,-0.33372035261123,-0.284993600025545,-0.287649363342977,-0.269898906216482,-0.190980319588694,"Bajo"
"Transporte",-0.263082242336315,-0.263082242336315,-0.176212734940954,-1.24796656393701,-0.263082242336315,-0.250869588329909,-0.263082242336315,-0.278393841810165,1.06078944891739,-0.17969155034436,"Bajo"
"Transporte",-0.269326198783189,-0.26932619878319,-0.222387058939515,0.443686853902724,-0.26932619878319,-0.242208830000743,-0.26932619878319,-0.24412026475664,-0.438958419596032,-0.18105988601034,"Bajo"
"Transporte",1.65275255740469,1.65275255740469,1.41795224923829,-0.846704063800962,1.65275255740469,2.41589834885255,1.65275255740469,1.79286438614938,1.68518947273991,0.119973960505231,"Medio"
"Transporte",-0.246428953233926,-0.246428953233927,-0.316696339771037,-0.846704063800962,-0.246428953233927,-0.286129198812389,-0.246428953233927,-0.252920460990432,-0.225176864162424,-0.189748817489312,"Bajo"
"Transporte",-0.439671189532532,-0.439671189532532,-0.417796798101425,0.697723544636336,-0.439671189532532,-0.404038827522204,-0.439671189532532,-0.44148308527742,-0.292256306796988,-0.195358993719829,"Bajo"
"Transporte",-0.24714372193245,-0.247143721932451,-0.15206001161863,0.443686853902724,-0.247143721932451,-0.308153908735565,-0.247143721932451,-0.243813955010027,-0.272101662101207,-0.184959642658382,"Bajo"
"Transporte",-0.240193212519219,-0.240193212519219,-0.225256970769579,0.443686853902724,-0.240193212519219,-0.225475212500518,-0.240193212519219,-0.268815453247139,-0.265653456293327,-0.184959642658382,"Bajo"
"Transporte",-0.413446572455658,-0.413446572455659,-0.402339055175137,0.697723544636336,-0.413446572455658,-0.397141766667355,-0.413446572455658,-0.412193250587717,-0.426386037944112,-0.19460640910354,"Bajo"
"Transporte",-0.240571136198898,-0.240571136198898,-0.181355844260178,-1.24796656393701,-0.240571136198898,-0.213272720218862,-0.240571136198898,-0.225932088721231,-0.227907824139922,-0.174286624463739,"Bajo"
"Transporte",-0.416412451767924,-0.416412451767924,-0.406629715435926,0.443686853902724,-0.416412451767924,-0.398805091114678,-0.416412451767924,-0.420819595343701,-0.279714889490333,-0.195085326586633,"Bajo"
"Transporte",-0.23444220000236,-0.234442200002361,-0.197495546433214,-1.24796656393701,-0.234442200002361,-0.32035640101722,-0.234442200002361,-0.268227669679313,-0.260318061416831,-0.188585732173229,"Bajo"
"Transporte",-0.22722057142762,-0.22722057142762,-0.240970448413397,-1.07764650992243,-0.22722057142762,-0.219123033792206,-0.22722057142762,-0.249368923658074,-0.253618329850488,-0.182428221676319,"Bajo"
"Transporte",-0.239043010015847,-0.239043010015847,-0.174138442232095,0.443686853902724,-0.239043010015847,-0.318865144616172,-0.239043010015847,-0.213845271692693,-0.226206595373588,0.350064638214996,"Bajo"
"Transporte",4.40124359653293,4.40124359653293,4.57775358910781,-0.846704063800962,4.40124359653293,3.83012562118523,4.40124359653293,3.81946762023773,4.04035319870964,-0.00803384104718545,"Alto"
"Transporte",-0.233070172730481,-0.233070172730482,-0.155327733009297,0.443686853902724,-0.233070172730482,-0.213502144280562,-0.233070172730482,-0.190913433905673,-0.259045188639153,-0.178802132161473,"Bajo"
"Transporte",-0.238886911104675,-0.238886911104676,-0.242646931561653,1.89285070331492,-0.238886911104675,-0.29735663883182,-0.238886911104675,-0.273683294625755,-0.228433360535257,-0.18851731538993,"Bajo"
"Transporte",-0.42509648066838,-0.42509648066838,-0.402680034798511,-0.846704063800962,-0.42509648066838,-0.398446616018272,-0.42509648066838,-0.430000609100309,-0.435264897217869,-0.194811659453437,"Bajo"
"Transporte",1.33099162281863,1.33099162281863,1.2998028097392,0.443686853902724,1.33099162281863,1.78326149871549,1.33099162281863,1.46868933053056,1.19198404595808,0.0154331156243693,"Medio"
"Transporte",-0.417266887913285,-0.417266887913286,-0.394269204088619,0.443686853902724,-0.417266887913286,-0.391821996236692,-0.417266887913286,-0.412665133170338,-0.429930264540641,-0.194127491620447,"Bajo"
"Transporte",-0.431554046151595,-0.431554046151595,-0.408959742862315,0.443686853902724,-0.431554046151595,-0.402160418017037,-0.431554046151595,-0.432798790028834,-0.443184909812394,-0.195085326586633,"Bajo"
"Transporte",-0.203789303287506,-0.203789303287506,-0.239322380233756,-1.24796656393701,-0.203789303287506,-0.330494076743578,-0.203789303287506,-0.208124730208639,-0.186959430662082,-0.189133066439621,"Bajo"
"Transporte",-0.431052886489412,-0.431052886489412,-0.405208967005201,-1.24796656393701,-0.431052886489412,-0.402418520086449,-0.431052886489412,-0.433071985208246,-0.440138970987366,-0.195222160153231,"Bajo"
"Transporte",4.10031775872224,4.10031775872224,2.71705619932457,0.697723544636336,4.10031775872224,5.25193822655785,4.10031775872224,3.73499235930677,3.76117485080064,0.04936784014067,"Alto"
"Transporte",-0.432564581208129,-0.432564581208129,-0.41410285218154,1.236108122157,-0.432564581208129,-0.40260492713658,-0.432564581208129,-0.433080263850046,-0.444122414912121,-0.195153743369932,"Bajo"
"Transporte",-0.418942897275341,-0.418942897275342,-0.392336986222833,0.443686853902724,-0.418942897275342,-0.394073219842121,-0.418942897275342,-0.42327835195841,-0.431485151047506,-0.194674825886839,"Bajo"
"Transporte",-0.186454108415261,-0.186454108415262,-0.279160166231284,2.07904805050035,-0.186454108415262,-0.205673048175058,-0.186454108415262,-0.21420953193191,-0.215798002168812,-0.174697125163533,"Bajo"
"Transporte",-0.19601722065758,-0.196017220657581,-0.180276075452827,-0.846704063800962,-0.19601722065758,-0.147528387538028,-0.19601722065758,-0.162559085739412,-0.421790071632553,-0.170386867815697,"Bajo"
"Transporte",-0.190315502533723,-0.190315502533724,-0.142484167195543,-0.384819171558032,-0.190315502533724,-0.323052133742192,-0.190315502533724,-0.184927975884007,-0.174923160920341,-0.187012146157352,"Bajo"
"Transporte",-0.403645203980498,-0.403645203980499,-0.373895671592024,0.932996161622578,-0.403645203980499,-0.394345660915389,-0.403645203980499,-0.402979122263907,-0.417293000676026,-0.194811659453437,"Bajo"
"Transporte",-0.305516498978562,-0.305516498978562,-0.31652584995935,-0.37038526867544,-0.305516498978562,-0.346869219147397,-0.305516498978562,-0.31268397614729,-0.326255920097642,-0.190638235672199,"Bajo"
"Transporte",-0.405699137022233,-0.405699137022234,-0.380686849090889,0.443686853902724,-0.405699137022234,-0.394747153023364,-0.405699137022234,-0.413137015752959,-0.419198498846203,-0.194811659453437,"Bajo"
"Transporte",-0.215020209159713,-0.215020209159714,-0.166409570768952,0.243055603834701,-0.215020209159714,-0.172134118155326,-0.215020209159714,-0.240883315812696,-0.242299670719636,-0.180854635660443,"Bajo"
"Transporte",-0.397171207032949,-0.39717120703295,-0.379465005440465,1.87408662956755,-0.397171207032949,-0.39289742152591,-0.397171207032949,-0.402937729054905,-0.407332008991425,-0.195016909803334,"Bajo"
"Transporte",-0.199015962898513,-0.199015962898514,-0.101651857296508,0.443686853902724,-0.199015962898514,-0.254812814390373,-0.199015962898514,-0.161209667125952,-0.265556752261191,-0.179486299994463,"Bajo"
"Transporte",-0.176874564708609,-0.176874564708609,-0.147740936389226,0.443686853902724,-0.176874564708609,-0.239298012217928,-0.176874564708609,-0.151457427085118,-0.160115534639895,-0.186259561541063,"Bajo"
"Transporte",-0.409938454820375,-0.409938454820375,-0.383755665701255,0.443686853902724,-0.409938454820375,-0.391033351024599,-0.409938454820375,-0.408856957942169,-0.448421980983309,-0.194469575536942,"Bajo"
"Transporte",1.35133377566398,1.35133377566398,1.56826743320898,1.76727574823637,1.35133377566398,1.50334980443794,1.35133377566398,1.59127117966861,1.21085609983552,-0.0262327054047177,"Medio"
"Transporte",-0.204627307968534,-0.204627307968534,-0.298425514951914,-1.24796656393701,-0.204627307968534,-0.168434655160418,-0.204627307968534,-0.200127562229483,-0.232657849978539,-0.179349466427865,"Bajo"
"Transporte",-0.169480405758363,-0.169480405758363,-0.141773792980181,0.443686853902724,-0.169480405758363,-0.157580029241248,-0.169480405758363,-0.152061767936545,-0.2429632604574,-0.167376529350541,"Bajo"
"Transporte",-0.407243694669618,-0.407243694669619,-0.386085693127644,-0.846704063800962,-0.407243694669618,-0.400927263685401,-0.407243694669618,-0.402482403755885,-0.420631433470177,-0.195085326586633,"Bajo"
"Transporte",-0.392397866643957,-0.392397866643957,-0.370201725672139,1.95491648571006,-0.392397866643957,-0.395019594096632,-0.392397866643957,-0.38686888532039,-0.406858492696136,-0.194948493020035,"Bajo"
"Transporte",-0.423420471306324,-0.423420471306324,-0.411375015194548,0.533177051774792,-0.423420471306324,-0.40393845449521,-0.423420471306324,-0.426059975603334,-0.435639137058492,-0.195495827286427,"Bajo"
"Transporte",-0.195146353047884,-0.195146353047885,-0.177974462995053,0.443686853902724,-0.195146353047885,-0.200324599736683,-0.195146353047885,-0.156043794642522,-0.434378840568737,-0.182565055242917,"Bajo"
"Transporte",-0.441388277555423,-0.441388277555423,-0.42060987999426,-1.24796656393701,-0.441388277555423,-0.406003271050508,-0.441388277555423,-0.442054311561645,-0.451525275303259,-0.195564244069726,"Bajo"
"Transporte",-0.402289608172953,-0.402289608172954,-0.388500965459876,0.443686853902724,-0.402289608172953,-0.39110504604388,-0.402289608172953,-0.399940860723172,-0.416035371883709,-0.194332741970344,"Bajo"
"Transporte",-0.416626060804264,-0.416626060804265,-0.405152137067972,0.697723544636336,-0.416626060804264,-0.401629874874356,-0.416626060804264,-0.418609197983003,-0.429335749111546,-0.195427410503128,"Bajo"
"Transporte",-0.428177380230982,-0.428177380230983,-0.40867559317617,0.443686853902724,-0.428177380230983,-0.402146079013181,-0.428177380230983,-0.42800545642642,-0.440052270820622,-0.19529057693653,"Bajo"
"Transporte",-0.174968514845879,-0.174968514845879,-0.109437558696881,0.443686853902724,-0.174968514845879,-0.316011682848781,-0.174968514845879,-0.221560965850637,-0.205142456401181,-0.186601645457558,"Bajo"
"Transporte",-0.16570116896157,-0.16570116896157,-0.0503912539159521,-0.846704063800962,-0.16570116896157,-0.299708235464243,-0.16570116896157,-0.131994340212452,0.569401295740454,-0.190775069238797,"Bajo"
"Transporte",-0.433353291496155,-0.433353291496155,-0.415324695831963,0.407602096696245,-0.433353291496155,-0.400568788588995,-0.433353291496155,-0.436830488585613,-0.443691010126393,-0.195358993719829,"Bajo"
"Transporte",-0.424554242345362,-0.424554242345362,-0.406033001095022,0.443686853902724,-0.424554242345362,-0.398876786133959,-0.424554242345362,-0.422351144076769,-0.432979537987467,-0.194811659453437,"Bajo"
"Transporte",-0.410669654983232,-0.410669654983233,-0.381368808337637,0.443686853902724,-0.410669654983233,-0.390947317001462,-0.410669654983233,-0.404651407907582,-0.41768315142637,-0.194811659453437,"Bajo"
"Transporte",-0.437001076578276,-0.437001076578277,-0.418620832191245,0.443686853902724,-0.437001076578277,-0.402346825067168,-0.437001076578277,-0.437708024616452,-0.448238290959704,-0.195222160153231,"Bajo"
"Transporte",-0.145202917205054,-0.145202917205054,-0.172604033926912,-1.24796656393701,-0.145202917205054,-0.149220389993064,-0.145202917205054,-0.104136710554213,-0.177527976918974,-0.173807706980646,"Bajo"
"Transporte",-0.124680018252036,-0.124680018252037,-0.0038759502940172,1.43818276251328,-0.124680018252037,-0.218506456626388,-0.124680018252037,-0.110403642397092,-0.158488239202563,-0.177844297195287,"Bajo"
"Transporte",-0.122215298601954,-0.122215298601955,-0.230144345371273,1.47571091000802,-0.122215298601955,-0.286415978889514,-0.122215298601955,-0.148808261709,-0.413097665354747,-0.185438560141475,"Bajo"
"Transporte",-0.163121429061151,-0.163121429061151,-0.26265106946626,-1.24796656393701,-0.163121429061151,-0.206146235302314,-0.163121429061151,-0.198355932884204,-0.141684794138673,0.550358110061824,"Bajo"
"Transporte",-0.119767010416206,-0.119767010416207,-0.0225729996423576,0.443686853902724,-0.119767010416206,-0.176335446285203,-0.119767010416206,-0.15397413419243,-0.1539302875795,-0.176818045445802,"Bajo"
"Transporte",-0.128837178728508,-0.128837178728509,-0.055676438078249,-0.846704063800962,-0.128837178728509,-0.198675614293216,-0.128837178728509,-0.0730090173848281,-0.162344967499002,-0.182907139159412,"Bajo"
"Transporte",-0.126397106274927,-0.126397106274927,-0.084205066567206,0.443686853902724,-0.126397106274927,-0.163459020822304,-0.126397106274927,-0.142706902702129,-0.100800425399352,0.647242843224396,"Bajo"
"Transporte",-0.122954714496979,-0.122954714496979,-0.137625207562464,-1.24796656393701,-0.122954714496979,-0.236946415585505,-0.122954714496979,-0.0827612574256619,-0.449293936945982,-0.17763904684539,"Bajo"
"Transporte",-0.436853193399271,-0.436853193399272,-0.418791322002932,2.16998163866068,-0.436853193399272,-0.402103062001612,-0.436853193399272,-0.438833919901302,-0.448101095091451,-0.195222160153231,"Bajo"
"Transporte",-0.140429576816061,-0.140429576816062,-0.00305191620419675,-0.846704063800962,-0.140429576816062,-0.12391204818681,-0.140429576816062,-0.164736368532909,-0.442130788224652,-0.183180806292608,"Bajo"
"Transporte",-0.428193811695316,-0.428193811695317,-0.41094879066533,0.443686853902724,-0.428193811695317,-0.404153539553053,-0.428193811695317,-0.429843314906102,-0.438425737582559,-0.19529057693653,"Bajo"
"Transporte",-0.413914869189174,-0.413914869189174,-0.407794729149121,0.697723544636336,-0.413914869189174,-0.393686066738002,-0.413914869189174,-0.418137315400382,-0.426820491526912,-0.194059074837148,"Bajo"
"Transporte",1.84305356158753,1.84305356158753,0.828256405581587,-0.846704063800962,1.84305356158753,2.58958670256312,1.84305356158753,1.5866351402604,2.09174503793038,5.84297384535686,"Medio"
"Transporte",-0.10248932566913,-0.102489325669131,-0.135437254979148,0.443686853902724,-0.102489325669131,-0.210447936459184,-0.102489325669131,-0.139229873145974,-0.0781667275841702,-0.185028059441681,"Bajo"
"Transporte",-0.432605659868963,-0.432605659868964,-0.414642736585215,-1.24796656393701,-0.432605659868963,-0.403264521313967,-0.432605659868963,-0.436267540943188,-0.135694670090904,-0.195222160153231,"Bajo"
"Transporte",-0.423708021932167,-0.423708021932167,-0.395036408241211,0.443686853902724,-0.423708021932167,-0.401457806828081,-0.423708021932167,-0.42351015392882,-0.435905906802317,-0.195085326586633,"Bajo"
"Transporte",-0.413890221992673,-0.413890221992673,-0.400975136681641,-1.24796656393701,-0.413890221992673,-0.391606911178848,-0.413890221992673,-0.414246353754208,-0.42123118901924,-0.19392224127055,"Bajo"
"Transporte",-0.394156033327682,-0.394156033327683,-0.367019249187315,-1.24796656393701,-0.394156033327682,-0.393270235626172,-0.394156033327682,-0.38776297863483,-0.403690030338766,-0.194811659453437,"Bajo"
"Transporte",-0.438126631885147,-0.438126631885148,-0.417398988540822,-1.24796656393701,-0.438126631885147,-0.404841811738153,-0.438126631885147,-0.439165065573317,-0.449282503956961,-0.195495827286427,"Bajo"
"Transporte",-0.404573581715363,-0.404573581715363,-0.392763210752051,-1.24796656393701,-0.404573581715363,-0.385312088485962,-0.404573581715363,-0.41384070030599,-0.418154285848946,-0.194469575536942,"Bajo"
"Transporte",-0.0862468231750892,-0.0862468231750896,-0.0322056740026727,0.443686853902724,-0.0862468231750896,-0.11142277582803,-0.0862468231750896,-0.062735222910571,-0.0561020115226037,0.75316581659475,"Bajo"
"Transporte",-0.426427429279424,-0.426427429279425,-0.406118246000865,-1.24796656393701,-0.426427429279424,-0.403622996410373,-0.426427429279424,-0.42843594580004,-0.432232106330215,-0.195222160153231,"Bajo"
"Transporte",-0.414276361404519,-0.41427636140452,-0.38656874759409,0.443686853902724,-0.414276361404519,-0.401644213878212,-0.414276361404519,-0.421614344956536,-0.421656591485732,-0.19529057693653,"Bajo"
"Transporte",-0.0122312920831229,-0.0122312920831234,-0.162744039817681,-0.846704063800962,-0.0122312920831233,0.0110036390964986,-0.0122312920831233,-0.0235938044784298,0.02126883617927,-0.146714660794245,"Bajo"
"Transporte",0.359678471649936,0.359678471649935,0.175678236381002,-0.846704063800962,0.359678471649935,0.754939837165647,0.359678471649935,0.206072276347387,0.440336664554386,-0.0750822886801989,"Bajo"
"Transporte",-0.430568158291562,-0.430568158291562,-0.407737899211892,0.354196656030656,-0.430568158291562,-0.399335634257359,-0.430568158291562,-0.431780517087388,-0.442270270690709,-0.194743242670138,"Bajo"
"Transporte",-0.0357118546162387,-0.0357118546162391,0.0391443121883343,0.443686853902724,-0.0357118546162391,-0.207279016606956,-0.0357118546162391,0.0208293874223464,-0.0759496804631691,-0.18509647622498,"Bajo"
"Transporte",-0.427922692533807,-0.427922692533808,-0.411715994817922,0.443686853902724,-0.427922692533807,-0.401644213878212,-0.427922692533807,-0.431722566594786,-0.43981598904752,-0.195222160153231,"Bajo"
"Transporte",0.0113725064324969,0.0113725064324964,-0.026920489840376,-0.846704063800962,0.0113725064324965,-0.249206263882585,0.0113725064324965,0.0544241158482409,0.052575408916013,-0.183522890209103,"Bajo"
"Transporte",0.026793435709844,0.0267934357098435,-0.121741240106959,0.443686853902724,0.0267934357098436,-0.0184773528319191,0.0267934357098436,-0.0542496150651935,0.0697431852300411,1.05138439457771,"Bajo"
"Transporte",-0.422040228302278,-0.422040228302278,-0.409584872171834,-0.846704063800962,-0.422040228302278,-0.403407911352529,-0.422040228302278,-0.424147609347449,-0.434358642288133,-0.195427410503128,"Bajo"
"Transporte",1.45298702976553,1.45298702976553,1.74080312263622,0.443686853902724,1.45298702976553,0.900796184391263,1.45298702976553,1.26457113830068,1.48132784550534,-0.0611252648872043,"Medio"
"Transporte",-0.414711795209367,-0.414711795209367,-0.406601300467312,-1.24796656393701,-0.414711795209367,-0.393843795780421,-0.414711795209367,-0.414817580038434,-0.427559824816941,-0.194537992320241,"Bajo"
"Salud",-0.527074414505354,-0.527074414505355,-0.526444565626097,0.145874222893049,-0.527074414505355,-0.435855301713047,-0.527074414505355,-0.515900032360956,-0.574708433311781,-0.235239346146508,"Bajo"
"Salud",-0.536531299015574,-0.536531299015575,-0.542800066763081,-0.186764765163891,-0.536531299015574,-0.4361986277489,-0.536531299015574,-0.515805579722322,-0.574614873982665,-0.235364187371389,"Bajo"
"Salud",-0.540474819856336,-0.540474819856336,-0.546370875126496,-0.186764765163891,-0.540474819856336,-0.435443310470023,-0.540474819856336,-0.509231676073373,-0.571216760961685,-0.235239346146508,"Bajo"
"Salud",-0.534781775381183,-0.534781775381184,-0.541215895186986,0.597312849541754,-0.534781775381184,-0.433383354254905,-0.534781775381184,-0.504376810447569,-0.577392440432977,-0.234864822471864,"Bajo"
"Salud",-0.538867149489598,-0.538867149489599,-0.544915149894409,-0.186764765163891,-0.538867149489599,-0.434330934113859,-0.538867149489599,-0.511545765719914,-0.568452942004631,-0.234989663696745,"Bajo"
"Salud",-0.539935777439253,-0.539935777439254,-0.542166398132643,-0.186764765163891,-0.539935777439253,-0.433658015083587,-0.539935777439253,-0.509760610849725,-0.568627076919231,-0.235114504921627,"Bajo"
"Salud",-0.525211408256841,-0.525211408256842,-0.532550048511264,-1.73512005480989,-0.525211408256842,-0.429387039197576,-0.525211408256842,-0.495847737178891,-0.55484578774042,-0.233866092672812,"Bajo"
"Salud",-0.534715577189612,-0.534715577189612,-0.541155953559782,-0.186764765163891,-0.534715577189612,-0.433397087296339,-0.534715577189612,-0.504159569378711,-0.564946185599432,-0.234864822471864,"Bajo"
"Salud",-0.533448354665242,-0.533448354665243,-0.535885371910665,1.03687151233128,-0.533448354665243,-0.432710435224633,-0.533448354665243,-0.507191499078872,-0.569875616619415,-0.234864822471864,"Bajo"
"Salud",-0.531783942991444,-0.531783942991444,-0.538501395783623,1.03687151233128,-0.531783942991444,-0.435470776552891,-0.531783942991444,-0.499144134267228,-0.558111008326574,-0.235489028596271,"Bajo"
"Salud",-0.531556977763198,-0.531556977763199,-0.533744599510536,1.03687151233128,-0.531556977763199,-0.431295931956919,-0.531556977763199,-0.500438135416518,-0.559392771135465,-0.235239346146508,"Bajo"
"Salud",-0.52473856403133,-0.524738564031331,-0.526027115008072,0.145874222893049,-0.52473856403133,-0.42870038712587,-0.52473856403133,-0.49606497824775,-0.555060974197387,-0.233990933897694,"Bajo"
"Salud",-0.525107382527229,-0.525107382527229,-0.526444565626097,-0.186764765163891,-0.525107382527229,-0.427560544686838,-0.525107382527229,-0.498917447934506,-0.557886465936695,-0.234864822471864,"Bajo"
"Salud",0.0105967543231849,0.0105967543231842,-0.0473825179252627,1.03687151233128,0.0105967543231847,0.0867693231038565,0.0105967543231847,0.0753545949621262,0.0109542550895646,-0.127251686624055,"Bajo"
"Salud",-0.524549426341126,-0.524549426341126,-0.525813037768059,1.03687151233128,-0.524549426341126,-0.427395748189628,-0.524549426341126,-0.496008306664569,1.95957092006414,-0.233990933897694,"Bajo"
"Salud",-0.520785586306058,-0.520785586306059,-0.518757051937234,0.145874222893049,-0.520785586306059,-0.430883940713895,-0.520785586306059,-0.488130956602467,-0.54720199055163,-0.234115775122575,"Bajo"
"Salud",-0.521996067523366,-0.521996067523367,-0.529638598047089,-0.186764765163891,-0.521996067523367,-0.431460728454128,-0.521996067523367,-0.488404869254507,-0.547473312606067,-0.234864822471864,"Bajo"
"Salud",-0.51827005502634,-0.51827005502634,-0.515682046461689,0.145874222893049,-0.51827005502634,-0.426187240543426,-0.51827005502634,-0.495394364513446,-0.549008258415791,-0.233866092672812,"Bajo"
"Salud",-0.517532418034543,-0.517532418034543,-0.525596819755646,-0.186764765163891,-0.517532418034543,-0.416217052462254,-0.517532418034543,-0.493703662281892,-0.551049761164587,-0.233491568998168,"Bajo"
"Salud",0.920973198583992,0.920973198583991,0.776951865557953,0.145874222893049,0.920973198583992,1.20738550412812,0.920973198583992,0.987625405211653,0.914597035358007,0.107949181052595,"Medio"
"Salud",0.375112367769602,0.375112367769601,0.282681770726604,-1.73512005480989,0.375112367769602,0.356142930834137,0.375112367769602,0.516306738426423,0.447735983068363,-0.170321909208155,"Bajo"
"Salud",-0.510326272037755,-0.510326272037756,-0.505971502854705,0.145874222893049,-0.510326272037756,-0.426750295242225,-0.510326272037756,-0.48932105984926,-0.548380838098493,-0.233241886548405,"Bajo"
"Salud",-0.50880371363161,-0.508803713631611,-0.51769308805437,-0.186764765163891,-0.50880371363161,-0.423550496588074,-0.50880371363161,-0.485958545913878,-0.545050125981958,-0.23286736287376,"Bajo"
"Salud",-0.504198210875133,-0.504198210875134,-0.502778326742673,1.03687151233128,-0.504198210875133,-0.420790155259816,-0.504198210875133,-0.466444630772029,-0.525720768586559,-0.233741251447931,"Bajo"
"Salud",-0.516293566163704,-0.516293566163705,-0.524475055017978,-1.73512005480989,-0.516293566163704,-0.423042374055012,-0.516293566163704,-0.483077740435532,-0.542196566443915,-0.232367997974235,"Bajo"
"Salud",-0.497795900061714,-0.497795900061715,-0.50772565175937,1.03687151233128,-0.497795900061715,-0.419142190287722,-0.497795900061715,-0.473519133405739,-0.526990884213662,-0.231618950624946,"Bajo"
"Salud",-0.54452236642671,-0.54452236642671,-0.550035877475517,0.597312849541754,-0.54452236642671,-0.435209848765643,-0.54452236642671,-0.516854004011162,-0.577261361903511,-0.235114504921627,"Bajo"
"Salud",-0.485076390395469,-0.485076390395469,-0.496208296246677,-1.73512005480989,-0.485076390395469,-0.408581481424883,-0.485076390395469,-0.45439247408229,-0.514150343635985,-0.229621491026843,"Bajo"
"Salud",2.18453590864797,2.18453590864797,1.92109195635162,1.03687151233128,2.18453590864797,2.63858815022646,2.18453590864797,1.8000881122163,2.07037495197306,0.125926317435524,"Medio"
"Salud",-0.486485466187492,-0.486485466187492,-0.497484196597154,0.145874222893049,-0.486485466187492,-0.394257919209095,-0.486485466187492,-0.46754972664405,-0.543865550312904,-0.229496649801961,"Bajo"
"Salud",-0.47265004414904,-0.472650044149041,-0.467070243108523,1.03687151233128,-0.472650044149041,-0.40667258866554,-0.472650044149041,-0.455450343634995,2.22932175058407,-0.229122126127317,"Bajo"
"Salud",-0.421157307990894,-0.421157307990895,-0.438330373636793,1.03687151233128,-0.421157307990894,-0.43666555115766,-0.421157307990894,-0.519196429449293,-0.506274175623656,-0.235489028596271,"Bajo"
"Salud",-0.468914574767503,-0.468914574767504,-0.462842217618269,0.597312849541754,-0.468914574767504,-0.385674768312769,-0.468914574767504,-0.444352158595463,-0.533754841833948,-0.225127206931111,"Bajo"
"Salud",-0.546082752370896,-0.546082752370897,-0.551448787259602,-1.73512005480989,-0.546082752370896,-0.436445822494714,-0.546082752370896,-0.516306178707083,-0.575536719780569,-0.235613869821152,"Bajo"
"Salud",-0.535150593877082,-0.535150593877083,-0.541549855681406,-1.73512005480989,-0.535150593877082,-0.436569419867621,-0.535150593877082,-0.50470739468279,-0.568034789084703,-0.235489028596271,"Bajo"
"Salud",-0.434869790530713,-0.434869790530713,-0.450746853557541,1.03687151233128,-0.434869790530713,-0.424209682576912,-0.434869790530713,-0.489849994625612,-0.487046778803253,-0.234365457572338,"Bajo"
"Salud",-0.120428380565909,-0.120428380565909,-0.166024124340404,1.03687151233128,-0.120428380565909,-0.433809078539363,-0.120428380565909,-0.508579952866796,-0.514382523522119,-0.234864822471864,"Bajo"
"Salud",1.95957553991887,1.95957553991887,1.71739318093456,0.597312849541754,1.95957553991887,0.8914294198533,1.95957553991887,2.25452809247758,1.85235803889402,-0.0476029851496901,"Medio"
"Salud",-0.526109812285312,-0.526109812285313,-0.533363542023313,-1.73512005480989,-0.526109812285312,-0.430320886015096,-0.526109812285312,-0.495082670805953,-0.560733342665516,-0.235114504921627,"Bajo"
"Salud",-0.422490728706835,-0.422490728706836,-0.410296959057106,-1.73512005480989,-0.422490728706835,-0.394614978286382,-0.422490728706835,-0.406259409434244,-0.477049296206268,-0.228373078778028,"Bajo"
"Salud",1.71175788132856,1.71175788132856,1.49299741795305,0.145874222893049,1.71175788132856,1.73977432140468,1.71175788132856,1.702660215465,1.86888157110296,0.202953353187378,"Medio"
"Salud",0.40514743297406,0.405147432974059,0.30987814329784,0.145874222893049,0.40514743297406,0.235278433172439,0.40514743297406,0.59587364121197,0.19136146348835,-0.0861789236380578,"Bajo"
"Salud",-0.435749280790163,-0.435749280790164,-0.414807994658658,-1.73512005480989,-0.435749280790163,-0.357824160284372,-0.435749280790163,-0.398297051997371,-0.48775706595491,-0.224003635907178,"Bajo"
"Salud",-0.524643995186228,-0.524643995186229,-0.532036263135234,-1.73512005480989,-0.524643995186228,-0.426956290863736,-0.524643995186228,-0.498822995295872,-0.559549530746087,-0.233616410223049,"Bajo"
"Salud",4.52383814551846,4.52383814551846,4.03930061538311,0.597312849541754,4.52383814551846,3.91149002771368,4.52383814551846,3.97906325919062,3.92757040490789,0.672106676291864,"Alto"
"Salud",4.43044195409553,4.43044195409553,3.95473154248842,-0.186764765163891,4.43044195409553,5.49603581446542,4.43044195409553,4.79026974610143,3.44223883167665,0.652506603985476,"Alto"
"Salud",0.0931931836354435,0.0931931836354429,0.0274075066456388,1.03687151233128,0.0931931836354433,0.000910348057732824,0.0931931836354433,0.0985427177468504,0.0435820209630908,2.46111578514812,"Bajo"
"Salud",1.96166551139563,1.96166551139562,1.71928562373627,1.03687151233128,1.96166551139563,1.98081666465637,1.96166551139563,2.01548735462185,1.44842460949309,0.306072204939455,"Medio"
"Salud",-0.522081179483958,-0.522081179483959,-0.529715665853494,0.597312849541754,-0.522081179483959,-0.433740413332192,-0.522081179483959,-0.496773373037507,-0.55747976926115,-0.235364187371389,"Bajo"
"Salud",-0.522289230943183,-0.522289230943184,-0.529904053824705,-1.73512005480989,-0.522289230943184,-0.430293419932228,-0.522289230943184,-0.492749690631685,-0.462458527893197,-0.235114504921627,"Bajo"
"Salud",-0.543983324009627,-0.543983324009628,-0.549547781368288,0.597312849541754,-0.543983324009627,-0.435594373925798,-0.543983324009627,-0.516287288179357,-0.575168210586295,-0.235489028596271,"Bajo"
"Salud",-0.319968643731544,-0.319968643731544,-0.346705314911279,-0.186764765163891,-0.319968643731544,-0.431913918821454,-0.319968643731544,-0.494865429737094,-0.394251199312529,-0.234864822471864,"Bajo"
"Salud",-0.53161371907026,-0.53161371907026,-0.538347260170813,0.597312849541754,-0.53161371907026,-0.433671748125022,-0.53161371907026,-0.504178459906437,-0.565178365485565,-0.234864822471864,"Bajo"
"Salud",1.8963089825455,1.8963089825455,1.66010611150711,-0.186764765163891,1.8963089825455,0.636200844800164,1.8963089825455,1.7463634513611,1.39564187287907,-0.117014706183776,"Medio"
"Salud",1.18643740367037,1.18643740367037,1.01732635373402,0.145874222893049,1.18643740367037,1.74769828631217,1.18643740367037,1.227383983121,1.10308299635727,0.187722723751841,"Medio"
"Salud",-0.37361754955802,-0.37361754955802,-0.338857671446886,-1.73512005480989,-0.37361754955802,-0.322077053431356,-0.37361754955802,-0.347953795605281,-0.401630930068325,-0.226625301629688,"Bajo"
"Salud",-0.374733461930226,-0.374733461930226,-0.356242455953853,0.145874222893049,-0.374733461930226,-0.292248887436445,-0.374733461930226,-0.354669378212181,-0.424190948379326,-0.216638003639172,"Bajo"
"Salud",-0.373239274177611,-0.373239274177612,-0.394941198630982,-0.186764765163891,-0.373239274177611,-0.381815783669781,-0.373239274177611,-0.330243925861347,1.41666990491014,-0.227748872653621,"Bajo"
"Salud",-0.52001012177622,-0.520010121776221,-0.527840349230981,1.03687151233128,-0.520010121776221,-0.424937533772921,-0.520010121776221,-0.485882983802971,-0.55580715758144,-0.233990933897694,"Bajo"
"Salud",-0.37104527697124,-0.371045276971241,-0.352067949773601,0.597312849541754,-0.37104527697124,-0.349474471092427,-0.37104527697124,-0.307641409436156,-0.399034181341835,-0.225501730605755,"Bajo"
"Salud",-0.364444371583107,-0.364444371583107,-0.344596654097152,-0.186764765163891,-0.364444371583107,-0.358826672309063,-0.364444371583107,-0.321582618898581,-0.392370465859888,-0.226001095505281,"Bajo"
"Salud",-0.335808925286162,-0.335808925286162,-0.458774750058024,-1.73512005480989,-0.335808925286162,-0.305006882928743,-0.335808925286162,-0.320326398804744,-0.389611420337993,-0.224752683256466,"Bajo"
"Salud",0.115057500623071,0.115057500623071,0.0472053698020304,1.03687151233128,0.115057500623071,0.108728456357016,0.115057500623071,0.0148765704445746,0.0647714905712441,2.55255469164624,"Bajo"
"Salud",-0.500585680992229,-0.50058568099223,-0.510251763191522,0.597312849541754,-0.500585680992229,-0.416587844580975,-0.500585680992229,-0.471630080633053,-0.531869716820961,-0.232243156749353,"Bajo"
"Salud",1.56950742452584,1.56950742452584,1.3641914241821,1.03687151233128,1.56950742452584,1.13339187688107,1.56950742452584,1.55541799709797,1.4743294692887,8.6352194587739,"Medio"
"Salud",-0.53117870238279,-0.53117870238279,-0.53795335804919,0.597312849541754,-0.53117870238279,-0.431364597164089,-0.53117870238279,-0.503649525130085,-0.564827040657864,-0.234240616347456,"Bajo"
"Salud",-0.226345487080369,-0.22634548708037,-0.261930727866176,-0.186764765163891,-0.226345487080369,-0.43306749430192,-0.226345487080369,-0.500664821749241,-0.318639986394162,-0.234864822471864,"Bajo"
"Salud",2.81423202064546,2.81423202064546,2.49127384049154,-1.73512005480989,2.81423202064546,2.18520552032039,2.81423202064546,3.48611493815813,2.13696780931426,0.166250033072232,"Alto"
"Salud",-0.344008044156522,-0.344008044156523,-0.368472688675789,-0.186764765163891,-0.344008044156522,-0.365954120813372,-0.344008044156522,-0.305072297665302,-0.413665714791165,-0.224003635907178,"Bajo"
"Salud",-0.545921985334222,-0.545921985334223,-0.551303214736393,1.03687151233128,-0.545921985334223,-0.4361986277489,-0.545921985334223,-0.516107828165951,-0.57557490726184,-0.235364187371389,"Bajo"
"Salud",-0.513229535582393,-0.513229535582393,-0.513000514953288,0.597312849541754,-0.513229535582393,-0.427189752568116,-0.513229535582393,-0.488631555587229,-0.544511300621211,-0.233616410223049,"Bajo"
"Salud",-0.527972818533825,-0.527972818533826,-0.529687835812292,0.597312849541754,-0.527972818533826,-0.429304640948971,-0.527972818533826,-0.494459283390966,-0.560324736615906,-0.234739981246982,"Bajo"
"Salud",-0.521920412447285,-0.521920412447285,-0.52283736413188,-1.73512005480989,-0.521920412447285,-0.435196115724209,-0.521920412447285,-0.489462738807211,-0.412638185138841,-0.235364187371389,"Bajo"
"Salud",-0.544588564618281,-0.544588564618282,-0.548494521347424,0.597312849541754,-0.544588564618282,-0.435374645262853,-0.544588564618282,-0.51503106808552,-0.57451444090692,-0.235114504921627,"Bajo"
"Salud",-0.321396633292587,-0.321396633292587,-0.347998341440956,0.597312849541754,-0.321396633292587,-0.280822996963256,-0.321396633292587,-0.2573926056827,-0.554005949558548,-0.212268560768321,"Bajo"
"Salud",-0.337984008723512,-0.337984008723513,-0.363018000600261,1.03687151233128,-0.337984008723512,-0.280974060419032,-0.337984008723512,-0.294408594763488,-0.408800629677124,-0.20265578645245,"Bajo"
"Salud",-0.304535008210865,-0.304535008210866,-0.332730352683238,0.597312849541754,-0.304535008210865,-0.372449849411711,-0.304535008210865,-0.249751387217184,-0.38178680542538,-0.223004906108126,"Bajo"
"Salud",2.34831969148047,2.34831969148047,2.72587038395966,0.145874222893049,2.34831969148047,2.23583924408799,2.34831969148047,2.17081471885598,-0.568355563927387,-0.0196385507762455,"Medio"
"Salud",-0.337095061579551,-0.337095061579552,-0.294212291196679,0.145874222893049,-0.337095061579552,-0.322516510757247,-0.337095061579552,-0.300529125746992,-0.37559136393253,-0.210520783619981,"Bajo"
"Salud",-0.519111717747749,-0.51911171774775,-0.519658317117689,-1.73512005480989,-0.51911171774775,-0.432875231721843,-0.51911171774775,-0.49257023061828,-0.552452769226516,-0.234615140022101,"Bajo"
"Salud",-0.533126820591895,-0.533126820591896,-0.535521440602643,0.597312849541754,-0.533126820591895,-0.436349691204675,-0.533126820591895,-0.501439333386042,-0.566400364886266,-0.235364187371389,"Bajo"
"Salud",0.263426561703908,0.263426561703907,0.366064855711622,1.03687151233128,0.263426561703908,0.194985689604729,0.263426561703908,0.418038213191283,0.0769059446202039,-0.160958817342046,"Bajo"
"Salud",-0.330371216692785,-0.330371216692786,-0.306030639308831,1.03687151233128,-0.330371216692786,-0.433630549000719,-0.330371216692786,-0.512886993188521,-0.402652445192348,-0.235364187371389,"Bajo"
"Salud",-0.0390991737780194,-0.0390991737780201,0.0236483103110125,0.145874222893049,-0.0390991737780197,-0.431858986655718,-0.0390991737780197,-0.494024801253249,-0.167417560557428,-0.234615140022101,"Bajo"
"Salud",0.0658722442854189,0.0658722442854182,0.142461178518164,1.03687151233128,0.0658722442854187,-0.429620500901956,0.0658722442854187,-0.489273833529943,-0.0826413521338049,-0.234989663696745,"Bajo"
"Salud",-0.535859860215348,-0.535859860215349,-0.53861485672083,0.597312849541754,-0.535859860215349,-0.433864010705099,-0.535859860215349,-0.505614140013679,-0.566214678258581,-0.235239346146508,"Bajo"
"Salud",-0.299021644541407,-0.299021644541408,-0.327738071446137,1.03687151233128,-0.299021644541407,-0.25007471719226,-0.299021644541407,-0.228329528774922,-0.542225302523572,-0.212767925667847,"Bajo"
"Salud",-0.307655780099238,-0.307655780099238,-0.280319962783283,-1.73512005480989,-0.307655780099238,-0.347908904368937,-0.307655780099238,-0.24255409615325,-0.344894643518221,-0.21988387548609,"Bajo"
"Salud",-0.225399798629347,-0.225399798629348,-0.187217771101679,1.03687151233128,-0.225399798629347,-0.436981411110645,-0.225399798629347,-0.517014573496841,-0.317876236768724,-0.235613869821152,"Bajo"
"Salud",-0.503157953579009,-0.50315795357901,-0.501600901922602,1.03687151233128,-0.503157953579009,-0.423797691333889,-0.503157953579009,-0.466690207632478,-0.542197139256134,-0.232492839199116,"Bajo"
"Salud",-0.512085252556656,-0.512085252556657,-0.51170534765121,1.03687151233128,-0.512085252556657,-0.423262102717958,-0.512085252556657,-0.475483748289333,-0.549406935720269,-0.23286736287376,"Bajo"
"Salud",-0.540389707895744,-0.540389707895744,-0.543742006619138,-1.73512005480989,-0.540389707895744,-0.43573170434014,-0.540389707895744,-0.513142015312834,-0.57226596200963,-0.235364187371389,"Bajo"
"Salud",-0.534951999302367,-0.534951999302368,-0.537587285968768,1.03687151233128,-0.534951999302368,-0.435031319227,-0.534951999302368,-0.506653119038657,-0.566693549273731,-0.235489028596271,"Bajo"
"Salud",-0.225399798629347,-0.225399798629348,-0.187217771101679,0.145874222893049,-0.225399798629347,-0.43026595384936,-0.225399798629347,-0.483502777309386,-0.317876236768724,-0.235114504921627,"Bajo"
"Salud",-0.248465139949773,-0.248465139949773,-0.281959794441782,-1.73512005480989,-0.248465139949773,-0.252752660271913,-0.248465139949773,-0.164555107169033,-0.290591758743466,-0.218635463237275,"Bajo"
"Salud",-0.520757215652528,-0.520757215652528,-0.521520789105801,-1.73512005480989,-0.520757215652528,-0.429428238321878,-0.520757215652528,-0.496631694079556,-0.554226577731596,-0.234864822471864,"Bajo"
"Salud",-0.499989897268085,-0.499989897268086,-0.498015108152386,-1.73512005480989,-0.499989897268086,-0.419334452867799,-0.499989897268086,-0.475379850386835,-0.539638578010917,-0.232492839199116,"Bajo"
"Salud",2.20984253159732,2.20984253159732,2.56913373268422,0.145874222893049,2.20984253159732,1.33197165601846,2.20984253159732,2.71557975744326,1.6488554236968,0.155513687732428,"Medio"
"Salud",-0.213153133188612,-0.213153133188613,-0.173356269810845,1.03687151233128,-0.213153133188613,-0.164792529886369,-0.213153133188613,-0.199011429742831,-0.307985679119302,-0.197786978682073,"Bajo"
"Salud",0.704665879181737,0.704665879181736,0.865485648937682,0.145874222893049,0.704665879181737,0.368612532456319,0.704665879181737,0.829351118652132,0.43325624485709,-0.0569660770157988,"Medio"
"Salud",-0.260257874934017,-0.260257874934017,-0.292637967173624,0.597312849541754,-0.260257874934017,-0.351287232561731,-0.260257874934017,-0.211592521208921,1.04418319805571,-0.216138638739646,"Bajo"
"Salud",2.4586531630612,2.4586531630612,2.85075234192117,-0.186764765163891,2.4586531630612,3.47307641297081,2.4586531630612,2.39057767316644,2.30564191409225,0.634903991277192,"Alto"
"Salud",2.85328895367267,2.85328895367267,3.29742450320806,-0.186764765163891,2.85328895367267,1.79414343244237,2.85328895367267,2.35338222407225,2.16851066884485,0.22205406059424,"Alto"
"Salud",0.965221961207309,0.965221961207309,1.16039845477943,0.597312849541754,0.965221961207309,0.754277535050735,0.965221961207309,0.729760256476111,0.888695421498307,6.10803317576183,"Medio"
"Salud",-0.214259588676308,-0.214259588676309,-0.250987099356717,-1.73512005480989,-0.214259588676308,-0.172647829586686,-0.214259588676308,-0.232183196431202,-0.257787280300354,-0.199285073380651,"Bajo"
"Salud",-0.526071984747271,-0.526071984747272,-0.527536359550163,0.597312849541754,-0.526071984747271,-0.428975047954552,-0.526071984747271,-0.49226798217465,-0.550264340143527,-0.234739981246982,"Bajo"
"Salud",-0.319968643731544,-0.319968643731544,-0.294256391108122,-0.186764765163891,-0.319968643731544,-0.436816614613435,-0.319968643731544,-0.511989693121495,-0.394251199312529,-0.235489028596271,"Bajo"
"Salud",-0.506552975118178,-0.506552975118178,-0.505443588380833,0.597312849541754,-0.506552975118178,-0.43026595384936,-0.506552975118178,-0.47101613848193,-0.544939000411457,-0.234864822471864,"Bajo"
"Salud",-0.236502181044345,-0.236502181044345,-0.27112748609713,-1.73512005480989,-0.236502181044345,-0.25780641951967,-0.236502181044345,-0.191795248151169,-0.27593721733667,-0.213267290567373,"Bajo"
"Salud",-0.497115004376978,-0.497115004376979,-0.49476113410419,1.03687151233128,-0.497115004376979,-0.427038689112341,-0.497115004376979,-0.467370266630645,-0.537316779149585,-0.233990933897694,"Bajo"
"Salud",-0.491005856983377,-0.491005856983377,-0.487846439251774,0.145874222893049,-0.491005856983377,-0.426983756946605,-0.491005856983377,-0.457235498505183,-0.558364382264813,-0.234739981246982,"Bajo"
"Salud",3.53581122254424,3.53581122254424,4.06994363151856,0.597312849541754,3.53581122254424,4.64134624777147,3.53581122254424,3.32002941838355,2.719724048516,0.90443619579624,"Alto"
"Salud",-0.207119640871092,-0.207119640871093,-0.135329301512876,-1.73512005480989,-0.207119640871093,-0.276043898544182,-0.207119640871093,-0.169221067517568,-0.247461576301838,1.20517551060029,"Bajo"
"Salud",-0.493180940420727,-0.493180940420728,-0.490308327511922,1.03687151233128,-0.493180940420727,-0.418373139967411,-0.493180940420727,-0.452578983420511,-0.534139580707763,-0.231743791849827,"Bajo"
"Salud",-0.14117678518133,-0.141176785181331,-0.184811542923934,-0.186764765163891,-0.141176785181331,-0.191517028517169,-0.141176785181331,-0.0705558412001629,-0.187697977173904,-0.209896577495574,"Bajo"
"Salud",-0.196792722985932,-0.196792722985933,-0.122705594823796,-1.73512005480989,-0.196792722985933,-0.140828372583828,-0.196792722985933,-0.144871177277642,-0.294772810599223,-0.197412455007429,"Bajo"
"Salud",-0.511271960488777,-0.511271960488778,-0.510784815519154,0.597312849541754,-0.511271960488778,-0.429414505280444,-0.511271960488778,-0.479856905458101,-0.548750111042393,-0.234864822471864,"Bajo"
"Salud",-0.118537003663865,-0.118537003663865,-0.0662641304943992,1.03687151233128,-0.118537003663865,-0.427519345562535,-0.118537003663865,-0.479904131777419,-0.196592796249162,-0.233366727773286,"Bajo"
"Salud",-0.134036837376115,-0.134036837376115,-0.0838077603134551,0.597312849541754,-0.134036837376115,-0.120942928587221,-0.134036837376115,-0.151898453592035,-0.244090385455154,-0.174566510854124,"Bajo"
"Salud",-0.114792077397818,-0.114792077397818,-0.0620254011421442,-1.73512005480989,-0.114792077397818,-0.258300809011298,-0.114792077397818,-0.0550183821448182,1.41856448132475,-0.212018878318559,"Bajo"
"Salud",-0.543047092443115,-0.543047092443116,-0.545969694378712,0.597312849541754,-0.543047092443116,-0.437077542400683,-0.543047092443116,-0.515323871265286,-0.574412098457111,-0.235613869821152,"Bajo"
"Salud",-0.521806929833162,-0.521806929833163,-0.517302183014107,0.597312849541754,-0.521806929833162,-0.425184728518735,-0.521806929833162,-0.487413116548847,-0.557258281869773,-0.233366727773286,"Bajo"
"Salud",-0.118849080852702,-0.118849080852703,-0.0666173579404205,0.145874222893049,-0.118849080852702,-0.14986471384748,-0.118849080852702,-0.141433101231353,-0.558663963055391,-0.190296505189186,"Bajo"
"Salud",-0.0986302617698522,-0.0986302617698529,-0.146286202811216,-0.186764765163891,-0.0986302617698525,-0.225986962516812,-0.0986302617698525,-0.134745854416043,3.38393838589365,-0.209771736270692,"Bajo"
"Salud",-0.0745246631533023,-0.074524663153303,-0.124458887419502,0.145874222893049,-0.0745246631533025,-0.301765885150291,-0.0745246631533025,-0.0891535657472594,-0.123775952272866,-0.205776817074486,"Bajo"
"Salud",-0.543425367823524,-0.543425367823525,-0.54643210121714,-1.73512005480989,-0.543425367823525,-0.436075030375993,-0.543425367823525,-0.515843360777775,-0.574717598307286,-0.235489028596271,"Bajo"
"Salud",-0.106375450183722,-0.106375450183723,-0.153299373194038,0.597312849541754,-0.106375450183722,-0.239321745749343,-0.106375450183722,-0.0904381216326861,-0.149826879184339,-0.215888956289883,"Bajo"
"Salud",-0.0698435053207435,-0.0698435053207443,-0.120220158067247,0.597312849541754,-0.0698435053207438,-0.0712430516371381,-0.0698435053207438,0.0547261386843919,3.27521289859035,-0.19316785336146,"Bajo"
"Salud",-0.53722165158482,-0.537221651584821,-0.538848629066924,0.597312849541754,-0.53722165158482,-0.436693017240528,-0.53722165158482,-0.509618931891774,-0.569707400764413,-0.235489028596271,"Bajo"
"Salud",0.91916693364254,0.919166933642539,1.24145237939311,1.03687151233128,0.919166933642539,1.01775966800578,0.919166933642539,1.20858790803277,0.844061893387708,0.0927185516170587,"Medio"
"Salud",1.36826492214836,1.36826492214836,1.79043333814559,-0.186764765163891,1.36826492214836,0.869566417890179,1.36826492214836,1.25329234189839,-0.567247554158283,-0.0902986840591457,"Medio"
"Salud",-0.039770612578245,-0.0397706125782457,0.0228883361089667,0.597312849541754,-0.0397706125782453,-0.181340844814485,-0.0397706125782453,-0.0769030585163888,-0.167959822791489,-0.203404833801739,"Bajo"
"Salud",0.0475448021046132,0.0475448021046125,0.121717093960915,-0.186764765163891,0.047544802104613,0.0570098223161165,0.047544802104613,0.0652198268366642,-0.000657412340782843,-0.15097151935153,"Bajo"
"Salud",0.0381257451324344,0.0381257451324337,0.111056047408273,-1.73512005480989,0.0381257451324342,-0.165520381082378,0.0381257451324342,-0.0290250159926548,-0.0157397490065271,-0.204029039926146,"Bajo"
"Salud",-0.52774585330558,-0.527745853305581,-0.527265337764306,-1.73512005480989,-0.52774585330558,-0.434811590564054,-0.52774585330558,-0.497311753077723,-0.144108303863872,-0.235239346146508,"Bajo"
"Tecnología",0.241783064736654,0.241783064736654,-0.28754403122964,-0.976502558638548,0.241783064736653,0.271672628749824,0.241783064736653,0.359164097218956,0.510136026831624,-0.103628863813386,"Bajo"
"Tecnología",-0.497970122998652,-0.497970122998652,-0.482813195875069,-0.654109641709533,-0.497970122998653,-0.440164363856531,-0.497970122998653,-0.496311533525547,-0.49115827864074,-0.172768802704105,"Bajo"
"Tecnología",-0.491322063811979,-0.491322063811979,-0.481058339004672,-0.654109641709533,-0.49132206381198,-0.44067504714323,-0.49132206381198,-0.487557447393898,-0.480037313272611,-0.172817942674887,"Bajo"
"Tecnología",3.66863866774266,3.66863866774266,0.617026901418944,-0.976502558638548,3.66863866774266,1.96379949560782,3.66863866774266,2.87718604260687,3.45476193836494,0.0140613662102614,"Alto"
"Tecnología",-0.469411084547291,-0.469411084547291,-0.475274601011359,-0.976502558638548,-0.469411084547291,-0.435057530989535,-0.469411084547291,-0.472128615023374,-0.46116443394327,-0.172473962879411,"Bajo"
"Tecnología",0.832625115188303,0.832625115188303,-0.131582238104704,-0.976502558638548,0.832625115188303,0.525759767504041,0.832625115188303,0.710670313700936,0.861980297813998,-0.111884378904815,"Medio"
"Tecnología",-0.486378117061201,-0.486378117061201,-0.479753308667417,-0.101436069831222,-0.486378117061201,-0.437955103551026,-0.486378117061201,-0.484383031946308,-0.476325087492345,-0.172572242820976,"Bajo"
"Tecnología",-0.497949916131824,-0.497949916131823,-0.482807861963609,-0.654109641709533,-0.497949916131824,-0.440974796028902,-0.497949916131824,-0.496122502626203,-0.489637639701709,-0.17286708264567,"Bajo"
"Tecnología",-0.491941741061396,-0.491941741061396,-0.481221912289451,-0.976502558638548,-0.491941741061396,-0.439165200904292,-0.491941741061396,-0.491168589402039,-0.484060356096374,-0.172817942674887,"Bajo"
"Tecnología",-0.463887874280754,-0.463887874280754,-0.473816665212246,0.282365021750938,-0.463887874280754,-0.427730336006453,-0.463887874280754,-0.46029136974037,-0.455551681726365,-0.171736863317676,"Bajo"
"Tecnología",1.30103375952429,1.30103375952429,-0.00793861451694924,-0.101436069831222,1.30103375952429,0.591204940875654,1.30103375952429,0.955947683058953,1.33798275472617,-0.120189033967027,"Medio"
"Tecnología",-0.497370652616065,-0.497370652616065,-0.479177246229718,-0.976502558638548,-0.497370652616065,-0.440475214552783,-0.497370652616065,-0.495874806964995,-0.488968714132621,-0.172817942674887,"Bajo"
"Tecnología",-0.486640806329975,-0.486640806329975,-0.467848018288313,1.91428726315829,-0.486640806329976,-0.437988408982767,-0.486640806329976,-0.485119600623059,-0.47718644583561,-0.172523102850193,"Bajo"
"Tecnología",-0.496131298117232,-0.496131298117232,-0.47786865995149,-0.654109641709533,-0.496131298117232,-0.440763861627874,-0.496131298117232,-0.494962244002649,-0.48831783399749,-0.17286708264567,"Bajo"
"Tecnología",-0.482040376315287,-0.482040376315287,-0.462990602918584,1.91428726315829,-0.482040376315287,-0.437400013022005,-0.482040376315287,-0.484233110888208,-0.481058591496114,-0.172719662733323,"Bajo"
"Tecnología",3.73486330596289,3.73486330596289,3.98947420875494,-0.101436069831222,3.73486330596289,2.7101631191193,3.73486330596289,3.14158160602604,4.39835705770907,0.114847446284792,"Alto"
"Tecnología",-0.459132524953711,-0.459132524953711,-0.438803092417191,-0.101436069831222,-0.459132524953711,-0.417372346734916,-0.459132524953711,-0.455884994293613,-0.444811848368531,-0.170557504018901,"Bajo"
"Tecnología",-0.448934792827447,-0.448934792827446,-0.428035703149591,-0.101436069831222,-0.448934792827447,-0.416228860245132,-0.448934792827447,-0.453649215035865,-0.435475825321266,-0.170262664194207,"Bajo"
"Tecnología",-0.479763735985909,-0.479763735985909,-0.460586786820533,0.282365021750938,-0.47976373598591,-0.433825230015107,-0.47976373598591,-0.480700188562554,-0.479560042657271,-0.172375682937846,"Bajo"
"Tecnología",-0.452127477786396,-0.452127477786396,-0.43140673519242,1.91428726315829,-0.452127477786396,-0.394868976688391,-0.452127477786396,-0.44780881207685,-0.41978936516207,-0.170360944135771,"Bajo"
"Tecnología",-0.454309819403906,-0.454309819403906,-0.433710984943214,-0.101436069831222,-0.454309819403906,-0.399098766519534,-0.454309819403906,-0.453883874083326,-0.445818348003879,-0.169722124515601,"Bajo"
"Tecnología",-0.445169579975015,-0.445169579975015,-0.424060161141277,-0.654109641709533,-0.445169579975015,-0.395290845490448,-0.445169579975015,-0.434837381397787,-0.428687630871797,-0.169132444866214,"Bajo"
"Tecnología",-0.489449560819178,-0.489449560819178,-0.470813673060169,0.282365021750938,-0.489449560819178,-0.437133569568074,-0.489449560819178,-0.489200060726121,-0.479821545885559,-0.172523102850193,"Bajo"
"Tecnología",-0.495673275802446,-0.495673275802446,-0.4773850519791,1.91428726315829,-0.495673275802447,-0.439609273327509,-0.495673275802447,-0.492739501358649,-0.445005836783566,-0.172719662733323,"Bajo"
"Tecnología",-0.482040376315287,-0.482040376315287,-0.462990602918584,0.282365021750938,-0.482040376315287,-0.437089162325753,-0.482040376315287,-0.483457432370214,-0.471265521164668,-0.172572242820976,"Bajo"
"Tecnología",-0.490358869826474,-0.490358869826473,-0.471773777123,0.282365021750938,-0.490358869826474,-0.436667293523696,-0.490358869826474,-0.488150613319423,-0.482451823448847,-0.17267052276254,"Bajo"
"Tecnología",1.62309753866388,1.62309753866388,1.7597427570003,1.91428726315829,1.62309753866388,1.26611731149151,1.62309753866388,1.68372316383686,0.904602523871332,-0.108100601154577,"Medio"
"Tecnología",-0.477931646726765,-0.477931646726765,-0.458652354930977,-0.654109641709533,-0.477931646726766,-0.436045592131193,-0.477931646726766,-0.473151989202577,-0.465999676859174,-0.172572242820976,"Bajo"
"Tecnología",-0.496670147899333,-0.496670147899333,-0.478437610507241,-0.976502558638548,-0.496670147899334,-0.441207934051091,-0.496670147899334,-0.494160492257159,-0.488159780886282,-0.17286708264567,"Bajo"
"Tecnología",-0.483778166862563,-0.483778166862563,-0.464825468460883,-0.654109641709533,-0.483778166862563,-0.438177139762635,-0.483778166862563,-0.479442155335891,-0.47742585896371,-0.172719662733323,"Bajo"
"Tecnología",3.32434059946912,3.32434059946912,3.55601922785554,-0.101436069831222,3.32434059946912,3.41933567718635,3.32434059946912,3.93563523109778,3.39409132263319,0.0430048090010457,"Alto"
"Tecnología",-0.424895356923458,-0.424895356923458,-0.402653396481121,-0.101436069831222,-0.424895356923459,-0.39143851721904,-0.424895356923459,-0.417902820139393,-0.43232565258312,-0.168493625246043,"Bajo"
"Tecnología",-0.469707451927446,-0.469707451927446,-0.449968747073818,1.91428726315829,-0.469707451927447,-0.426231591578096,-0.469707451927447,-0.472467566980817,-0.464426923951388,-0.171933423200806,"Bajo"
"Tecnología",-0.488196735075793,-0.488196735075792,-0.469490863018046,-0.654109641709533,-0.488196735075793,-0.437189078620977,-0.488196735075793,-0.486468890145956,-0.481507860576004,-0.17267052276254,"Bajo"
"Tecnología",-0.473600641603127,-0.473600641603127,-0.454079414839123,-0.654109641709533,-0.473600641603128,-0.434580153134576,-0.473600641603128,-0.477656139252442,-0.468023565615879,-0.172179123054717,"Bajo"
"Tecnología",-0.466258813321999,-0.466258813321999,-0.446327463517007,-0.654109641709533,-0.466258813321999,-0.429861883637895,-0.466258813321999,-0.462481520850001,-0.4612409714735,-0.171736863317676,"Bajo"
"Tecnología",-0.488014873274333,-0.488014873274333,-0.46929884220548,1.91428726315829,-0.488014873274334,-0.435790250487843,-0.488014873274334,-0.484897978189346,-0.413129822211586,-0.172621382791758,"Bajo"
"Tecnología",-0.40080203604126,-0.40080203604126,-0.377214194757075,-0.976502558638548,-0.40080203604126,-0.399653857048555,-0.40080203604126,-0.406567484485679,-0.484830709449426,-0.169378144720125,"Bajo"
"Tecnología",2.00097941960687,2.00097941960687,2.15873355798505,-0.654109641709533,2.00097941960687,2.34380336996523,2.00097941960687,1.58808656538299,1.8180653464816,-0.0272162092468842,"Medio"
"Tecnología",-0.402364700409354,-0.402364700409353,-0.378864151368755,0.282365021750938,-0.402364700409354,-0.346953562223271,-0.402364700409354,-0.421513962147534,-0.379257142597921,-0.16544694705754,"Bajo"
"Tecnología",-0.480154402077933,-0.480154402077933,-0.460999275973453,1.91428726315829,-0.480154402077933,-0.436089999373514,-0.480154402077933,-0.476939125496313,-0.474078119836554,-0.172473962879411,"Bajo"
"Tecnología",-0.410245378472583,-0.410245378472583,-0.387185053246622,-0.976502558638548,-0.410245378472583,-0.353348205117597,-0.410245378472583,-0.398321826290194,-0.40949413396155,-0.16480812743737,"Bajo"
"Tecnología",-0.404223732157603,-0.404223732157602,-0.458067402640845,1.91428726315829,-0.404223732157603,-0.411921357739926,-0.404223732157603,-0.416507902468378,-0.394920268144242,-0.170066104311078,"Bajo"
"Tecnología",-0.391836922791552,-0.391836922791552,-0.45479771491576,-0.101436069831222,-0.391836922791552,-0.398321639778904,-0.391836922791552,-0.386732276668399,2.59513020088863,-0.168985024953867,"Bajo"
"Tecnología",-0.476503694804197,-0.476503694804197,-0.457144635958235,0.282365021750938,-0.476503694804198,-0.438821044776299,-0.476503694804198,-0.471724479997192,-0.464871837236875,-0.172719662733323,"Bajo"
"Tecnología",-0.392624990597875,-0.392624990597875,-0.368580370073543,0.282365021750938,-0.392624990597875,-0.344333534926291,-0.392624990597875,-0.40810580490792,-0.39321590801984,-0.168690185129173,"Bajo"
"Tecnología",0.163380421440934,0.163380421440934,0.218484148996856,-0.976502558638548,0.163380421440934,-0.101292697699598,0.163380421440934,0.0418724735180815,0.243333663524161,-0.149525596524069,"Bajo"
"Tecnología",-0.403920629155171,-0.40392062915517,-0.380506996098487,-0.654109641709533,-0.403920629155171,-0.347197802056041,-0.403920629155171,-0.387644839630745,-0.403651146897611,-0.162940808547642,"Bajo"
"Tecnología",-0.38170654688805,-0.38170654688805,-0.357052009437625,-0.654109641709533,-0.38170654688805,-0.35002876375405,-0.38170654688805,-0.361962710547575,-0.383129132694339,-0.163628768138594,"Bajo"
"Tecnología",-0.470219359220443,-0.470219359220442,-0.450509250101782,1.91428726315829,-0.470219359220443,-0.43208224575398,-0.470219359220443,-0.467976453544699,-0.464899838772325,-0.172326542967064,"Bajo"
"Tecnología",-0.391756095324237,-0.391756095324237,-0.367662937302394,-0.976502558638548,-0.391756095324237,-0.386797960396422,-0.391756095324237,-0.38574801233044,-0.372087816138158,0.0813328854759069,"Bajo"
"Tecnología",-0.374506166674723,-0.374506166674723,-0.450222996853419,-0.101436069831222,-0.374506166674724,-0.388196788529555,-0.374506166674724,-0.396646621423602,-0.376477212384061,-0.16864104515839,"Bajo"
"Tecnología",-0.374748649076669,-0.374748649076669,-0.349705435386482,-0.654109641709533,-0.374748649076669,-0.389162646050052,-0.374748649076669,-0.391868702485032,-0.364967336801346,-0.170852343843595,"Bajo"
"Tecnología",1.33521030695406,1.33521030695406,1.45577381070803,1.91428726315829,1.33521030695406,1.91791571247892,1.33521030695406,1.49365585370079,1.20300850903648,-0.036503663724742,"Medio"
"Tecnología",-0.488176528208964,-0.488176528208964,-0.469469527372206,-0.654109641709533,-0.488176528208964,-0.437055856894011,-0.488176528208964,-0.488632968028091,-0.481489192885704,-0.172424822908629,"Bajo"
"Tecnología",1.26417643442857,1.26417643442857,1.38077190369607,-0.101436069831222,1.26417643442857,0.439920568096185,1.26417643442857,1.50792442744776,1.1373853550681,-0.0856436345070582,"Medio"
"Tecnología",-0.36820162422414,-0.36820162422414,-0.3427926861341,-0.654109641709533,-0.36820162422414,-0.326681656103413,-0.36820162422414,-0.35122705912626,-0.370652893010421,-0.164857267408152,"Bajo"
"Tecnología",-0.494137553923458,-0.494137553923458,-0.475763542895208,0.282365021750938,-0.494137553923458,-0.438354768731921,-0.494137553923458,-0.490757936068983,-0.485235176072596,-0.172768802704105,"Bajo"
"Tecnología",-0.475944638155267,-0.475944638155267,-0.456554349756643,-0.101436069831222,-0.475944638155268,-0.43492430926257,-0.475944638155268,-0.473047696292594,-0.470189017690694,-0.1722282630255,"Bajo"
"Tecnología",-0.496737504122096,-0.496737504122096,-0.47850872932671,0.282365021750938,-0.496737504122096,-0.439453847979383,-0.496737504122096,-0.493971461357816,-0.488933867777394,-0.172817942674887,"Bajo"
"Tecnología",1.29617064024083,1.29617064024083,1.41455334294383,0.282365021750938,1.29617064024083,0.698836994452887,1.29617064024083,1.50658165623173,-0.487192172272392,-0.120189033967027,"Medio"
"Tecnología",1.58281178182954,1.58281178182954,1.71720659107592,-0.654109641709533,1.58281178182954,2.5115961350778,1.58281178182954,1.62468034017307,1.43174994084736,0.0751423498926806,"Medio"
"Tecnología",-0.48980654879982,-0.48980654879982,-0.471190602803354,-0.654109641709533,-0.48980654879982,-0.438599008564691,-0.48980654879982,-0.487257605277698,-0.471000128834234,-0.172817942674887,"Bajo"
"Tecnología",-0.496737504122096,-0.496737504122096,-0.47850872932671,-0.976502558638548,-0.496737504122096,-0.440430807310461,-0.496737504122096,-0.494688475113945,-0.489398071009524,-0.172817942674887,"Bajo"
"Tecnología",-0.496158240606337,-0.496158240606337,-0.477897107479277,1.91428726315829,-0.496158240606338,-0.440186567477692,-0.496158240606338,-0.493997534585312,-0.488862930554253,-0.172817942674887,"Bajo"
"Tecnología",-0.355875435458576,-0.355875435458576,-0.32977794217128,-0.976502558638548,-0.355875435458576,-0.306920433270254,-0.355875435458576,-0.330596617870364,-0.332310701646649,-0.164415007671111,"Bajo"
"Tecnología",-0.348324802886883,-0.348324802886883,-0.32180552250881,-0.654109641709533,-0.348324802886883,-0.297872457647207,-0.348324802886883,-0.332297895964452,-0.323940109316072,-0.164071027875635,"Bajo"
"Tecnología",-0.473311009845248,-0.473311009845248,-0.453773603915407,0.282365021750938,-0.473311009845248,-0.432459707313715,-0.473311009845248,-0.473230208885064,-0.465127584593986,-0.172424822908629,"Bajo"
"Tecnología",3.50191180953828,3.50191180953828,3.74350977162155,0.282365021750938,3.50191180953828,3.29628320871291,3.50191180953828,3.81101824028254,3.94441234365553,9.08047788694896,"Alto"
"Tecnología",-0.472563355772583,-0.472563355772582,-0.452984185019301,-0.976502558638548,-0.472563355772583,-0.435923472214808,-0.472563355772583,-0.472063431954635,-0.46706529084714,-0.172572242820976,"Bajo"
"Tecnología",-0.364820341841455,-0.364820341841455,-0.339222521396758,0.282365021750938,-0.364820341841455,-0.31802224385068,-0.364820341841455,-0.347511624208137,-0.335901431875878,-0.16819878542135,"Bajo"
"Tecnología",-0.341979846702642,-0.341979846702642,-0.315106129714835,-0.654109641709533,-0.341979846702642,-0.377772188394535,-0.341979846702642,-0.354192888753885,-0.371340641833895,-0.169869544427948,"Bajo"
"Tecnología",-0.480572010659061,-0.480572010659061,-0.46144021265416,1.91428726315829,-0.480572010659061,-0.4377996782029,-0.480572010659061,-0.476385069412032,-0.474463918769423,-0.172572242820976,"Bajo"
"Tecnología",-0.489591008886979,-0.489591008886979,-0.470963022581054,1.91428726315829,-0.48959100888698,-0.438809942965719,-0.48959100888698,-0.486866506865264,-0.482795931206712,-0.172768802704105,"Bajo"
"Tecnología",-0.483724281884353,-0.483724281884353,-0.464768573405308,-0.101436069831222,-0.483724281884353,-0.437477725696068,-0.483724281884353,-0.480472047821967,-0.477376078456242,-0.172719662733323,"Bajo"
"Tecnología",-0.485926830368691,-0.485926830368691,-0.467094158801942,-0.654109641709533,-0.485926830368692,-0.435434992549269,-0.485926830368692,-0.486006090357909,-0.476485007372583,-0.136316929625689,"Bajo"
"Tecnología",-0.333061882808868,-0.333061882808868,-0.305689998017145,0.282365021750938,-0.333061882808868,-0.284383757791989,-0.333061882808868,-0.345836419341544,-0.338189779578502,-0.161958009131995,"Bajo"
"Tecnología",-0.470704324024334,-0.470704324024333,-0.451021305601958,1.91428726315829,-0.470704324024334,-0.429795272774413,-0.470704324024334,-0.474025442323679,-0.465347863339528,-0.171835143259241,"Bajo"
"Tecnología",-0.496629734165676,-0.496629734165676,-0.47839493921556,0.282365021750938,-0.496629734165676,-0.43962037513809,-0.496629734165676,-0.494740621568936,-0.48929850999459,-0.172817942674887,"Bajo"
"Tecnología",-0.483805109351668,-0.483805109351668,-0.46485391598867,-0.976502558638548,-0.483805109351668,-0.4351907527165,-0.483805109351668,-0.4793900088809,-0.474132878394767,-0.172179123054717,"Bajo"
"Tecnología",-0.482673524809256,-0.482673524809256,-0.463659119821592,0.282365021750938,-0.482673524809256,-0.434868800209667,-0.482673524809256,-0.477793023696794,-0.476405358560636,-0.172621382791758,"Bajo"
"Tecnología",-0.486075014058769,-0.486075014058769,-0.467250620204774,-0.976502558638548,-0.48607501405877,-0.435612621518556,-0.48607501405877,-0.482108142847317,-0.479547753094491,-0.172326542967064,"Bajo"
"Tecnología",0.316885253117003,0.316885253117003,0.380563938566609,-0.654109641709533,0.316885253117003,-0.0317509562238077,0.316885253117003,0.169044640627888,0.413508328300111,1.71916292246959,"Bajo"
"Tecnología",-0.0337847138298815,-0.0337847138298814,0.0103051406473248,0.282365021750938,-0.0337847138298818,-0.177340100175518,-0.0337847138298818,-0.131345013348961,-0.0617088411067669,-0.160582089950091,"Bajo"
"Tecnología",-0.310928628009062,-0.310928628009062,-0.282320353939645,-0.976502558638548,-0.310928628009063,-0.285882502220346,-0.310928628009063,-0.334898700407139,-0.31774243613643,-0.16544694705754,"Bajo"
"Tecnología",-0.469761336905657,-0.469761336905656,-0.450025642129393,0.282365021750938,-0.469761336905657,-0.428907127927978,-0.469761336905657,-0.466229547302494,-0.457824939712663,-0.171736863317676,"Bajo"
"Tecnología",-0.331216322305171,-0.331216322305171,-0.303741342363695,-0.976502558638548,-0.331216322305171,-0.343956073366556,-0.331216322305171,-0.329410286019314,-0.336484797197757,-0.162252848956689,"Bajo"
"Tecnología",-0.498192398533769,-0.498192398533769,-0.48004489582724,-0.101436069831222,-0.498192398533769,-0.440608436279748,-0.498192398533769,-0.495418525483822,-0.490123777469941,-0.17286708264567,"Bajo"
"Tecnología",-0.49465619683873,-0.49465619683873,-0.476311157805119,-0.976502558638548,-0.49465619683873,-0.438654517617593,-0.49465619683873,-0.493032825167974,-0.48681881846639,-0.172572242820976,"Bajo"
"Tecnología",-0.31672126316665,-0.31672126316665,-0.288436572413976,1.91428726315829,-0.31672126316665,-0.354824745924794,-0.31672126316665,-0.298546102971393,-0.323093840689133,-0.168493625246043,"Bajo"
"Tecnología",2.83651315611066,2.83651315611066,3.04094117785162,-0.654109641709533,2.83651315611066,2.15365155834369,2.83651315611066,2.41074903932427,3.20675482790799,7.54259147437071,"Alto"
"Tecnología",1.11787871858811,1.11787871858811,1.2263018278095,-0.654109641709533,1.11787871858811,0.453231638982116,1.11787871858811,1.21159567865335,1.00223127729519,-0.0967492679038617,"Medio"
"Tecnología",-0.293395803223946,-0.293395803223946,-0.263808125231876,0.282365021750938,-0.293395803223946,-0.341835627545695,-0.293395803223946,-0.297600948474678,2.12850763609593,-0.167609105771962,"Bajo"
"Tecnología",-0.292156448725113,-0.292156448725113,-0.428485529682732,0.282365021750938,-0.292156448725113,-0.310306485497284,-0.292156448725113,-0.330531434801625,-0.311967897270258,-0.163825328021723,"Bajo"
"Tecnología",2.58959197908508,2.58959197908508,2.78022669756037,-0.654109641709533,2.58959197908508,3.50175551893544,2.58959197908508,1.97062644089161,2.36184271979741,0.163446877388503,"Alto"
"Tecnología",-0.478443554019762,-0.478443554019761,-0.459192857958941,-0.976502558638548,-0.478443554019762,-0.436878227924725,-0.478443554019762,-0.473249763805685,-0.472497588724476,-0.172719662733323,"Bajo"
"Tecnología",-0.498151984800112,-0.498151984800111,-0.480002224535558,-0.976502558638548,-0.498151984800112,-0.440475214552783,-0.498151984800112,-0.495574964848796,-0.490704809330533,-0.172817942674887,"Bajo"
"Tecnología",-0.272528845412078,-0.272528845412078,-0.241775514960393,-0.101436069831222,-0.272528845412079,-0.321053038139137,-0.272528845412079,-0.255772973264855,-0.481597854399659,-0.160680369891655,"Bajo"
"Tecnología",-0.478908311956824,-0.478908311956824,-0.459683577813277,-0.654109641709533,-0.478908311956824,-0.434113877090198,-0.478908311956824,-0.477493181580595,-0.472926945601379,-0.1722282630255,"Bajo"
"Tecnología",-0.474914087946999,-0.474914087946999,-0.455466231818768,-0.654109641709533,-0.474914087946999,-0.431582664277861,-0.474914087946999,-0.469579957035679,-0.469236965485387,-0.172473962879411,"Bajo"
"Tecnología",-0.473897008983283,-0.473897008983283,-0.454392337644787,-0.654109641709533,-0.473897008983283,-0.429673152858028,-0.473897008983283,-0.47713467470253,-0.468297358406948,-0.171687723346894,"Bajo"
"Tecnología",-0.478308841574236,-0.478308841574236,-0.459050620320003,-0.101436069831222,-0.478308841574237,-0.431749191436568,-0.478308841574237,-0.48000924803392,-0.472373137455809,-0.172424822908629,"Bajo"
"Tecnología",2.08480423883499,2.08480423883499,2.24724092881416,0.282365021750938,2.08480423883499,3.09484085573107,2.08480423883499,2.44857477411352,2.34354488311136,0.0284593776494801,"Medio"
"Tecnología",-0.476106293089898,-0.476106293089898,-0.456725034923369,-0.976502558638548,-0.476106293089898,-0.431738089625987,-0.476106293089898,-0.476130855443949,-0.470338359213095,-0.172473962879411,"Bajo"
"Tecnología",-0.481333135976279,-0.481333135976279,-0.46224385531416,-0.976502558638548,-0.481333135976279,-0.438809942965719,-0.481333135976279,-0.482577460942237,-0.475167068437394,-0.17267052276254,"Bajo"
"Tecnología",-0.475479880218205,-0.475479880218205,-0.456063629902307,-0.654109641709533,-0.475479880218205,-0.431682580573085,-0.475479880218205,-0.475303030470964,-0.465207077841848,-0.171884283230023,"Bajo"
"Tecnología",-0.465342768692427,-0.465342768692427,-0.445360247572229,0.282365021750938,-0.465342768692427,-0.424299876537102,-0.465342768692427,-0.463139869844265,-0.454086190255762,-0.171245463609853,"Bajo"
"Tecnología",-0.484384372867427,-0.484384372867427,-0.465465537836103,1.91428726315829,-0.484384372867427,-0.438388074163663,-0.484384372867427,-0.479526893325252,-0.477985889672713,-0.172621382791758,"Bajo"
"Tecnología",-0.249654672161884,-0.249654672161884,-0.217623563868735,1.91428726315829,-0.249654672161884,-0.215197274254772,-0.249654672161884,-0.245317609039118,-0.214554911233453,-0.155668092871859,"Bajo"
"Tecnología",-0.28399287452628,-0.28399287452628,-0.25387993803401,0.282365021750938,-0.283992874526281,-0.278599714479587,-0.283992874526281,-0.301075206038467,-0.272740235129916,-0.161073489657914,"Bajo"
"Tecnología",3.07527075893741,3.07527075893741,3.29303605722323,-0.654109641709533,3.07527075893741,2.85992654384925,3.07527075893741,3.32026795236029,2.81052687872438,-0.041319380861409,"Alto"
"Tecnología",-0.468663430474625,-0.468663430474625,-0.448866405372049,-0.654109641709533,-0.468663430474626,-0.430849944779553,-0.468663430474626,-0.464671671959632,-0.460404658948054,-0.171835143259241,"Bajo"
"Tecnología",-0.270555308085133,-0.270555308085133,-0.239691733549953,-0.976502558638548,-0.270555308085133,-0.32190787755383,-0.270555308085133,-0.25390873749892,-0.280444390916778,-0.16461156755424,"Bajo"
"Tecnología",-0.47009811801947,-0.47009811801947,-0.450381236226738,-0.654109641709533,-0.47009811801947,-0.426919903834082,-0.47009811801947,-0.474866303910413,-0.459303031874218,-0.171491163463765,"Bajo"
"Tecnología",-0.265537269489316,-0.265537269489316,-0.234393381499515,-0.654109641709533,-0.265537269489316,-0.228408428845479,-0.265537269489316,-0.239542389148842,-0.232162276724532,-0.152621414683355,"Bajo"
"Tecnología",-0.488048551385715,-0.488048551385715,-0.469334401615215,-0.654109641709533,-0.488048551385715,-0.435734741434941,-0.488048551385715,-0.487016427923364,-0.480104050265434,-0.172424822908629,"Bajo"
"Tecnología",0.231841286256887,0.231841286256887,0.290769317105104,-0.101436069831222,0.231841286256887,0.399054803349635,0.231841286256887,0.277418010713365,0.183684170451825,-0.0823512564646431,"Bajo"
"Tecnología",-0.470771680247096,-0.470771680247096,-0.451092424421427,-0.976502558638548,-0.470771680247096,-0.436256526532221,-0.470771680247096,-0.474729419466061,-0.465410088973862,-0.172326542967064,"Bajo"
"Tecnología",-0.488338183143594,-0.488338183143594,-0.469640212538931,-0.654109641709533,-0.488338183143594,-0.436955940598788,-0.488338183143594,-0.485158710464302,-0.479313240235095,-0.172523102850193,"Bajo"
"Tecnología",-0.495006449197096,-0.495006449197096,-0.476680975666358,1.91428726315829,-0.495006449197096,-0.438887655639782,-0.495006449197096,-0.494043162733429,-0.487798872207146,-0.172719662733323,"Bajo"
"Tecnología",-0.492379556509353,-0.492379556509353,-0.473907341707069,-0.101436069831222,-0.492379556509353,-0.439065284609069,-0.492379556509353,-0.489930111095998,-0.48537207246813,-0.172719662733323,"Bajo"
"Tecnología",-0.491409626901571,-0.491409626901571,-0.472883230706716,-0.976502558638548,-0.491409626901571,-0.44015326204595,-0.491409626901571,-0.488131058398801,-0.484476023333724,-0.172719662733323,"Bajo"
"Tecnología",1.7719615265916,1.7719615265916,1.91692245990865,1.91428726315829,1.7719615265916,0.760551959469477,1.7719615265916,1.86860190170131,1.60649196718341,-0.102990044193216,"Medio"
"Tecnología",-0.196813715404588,-0.196813715404588,-0.161830849995339,0.282365021750938,-0.196813715404589,-0.193759678023969,-0.196813715404589,-0.246269281842708,-0.252713692540027,-0.158862190972709,"Bajo"
"Tecnología",1.30082495523373,1.30082495523373,1.41946765336913,-0.654109641709533,1.30082495523373,1.82119673870225,1.30082495523373,1.46989010683854,1.1712423227091,-0.0248083506785507,"Medio"
"Tecnología",-0.176593377331242,-0.176593377331242,-0.140480980390758,-0.654109641709533,-0.176593377331243,-0.148020218432612,-0.176593377331243,-0.200804091397249,-0.193639631021192,-0.160680369891655,"Bajo"
"Tecnología",-0.465888354096804,-0.465888354096804,-0.445936310009928,-0.654109641709533,-0.465888354096805,-0.434480236839352,-0.465888354096805,-0.463557041484195,-0.460898730484665,-0.172523102850193,"Bajo"
"Tecnología",2.40467894073479,2.40467894073479,2.58498420247224,-0.654109641709533,2.40467894073479,3.69080825130952,2.40467894073479,2.68067864527938,2.19101468586096,0.255928302400822,"Alto"
"Tecnología",-0.21906147578309,-0.21906147578309,-0.185321396065935,-0.654109641709533,-0.21906147578309,-0.196057752814117,-0.21906147578309,-0.234158267671,-0.183904041619461,-0.159058750855839,"Bajo"
"Tecnología",-0.465955710319567,-0.465955710319567,-0.446007428829397,1.91428726315829,-0.465955710319567,-0.434002858984394,-0.465955710319567,-0.471796181372805,-0.460960956118998,-0.172179123054717,"Bajo"
"Tecnología",0.254533597705622,0.254533597705622,0.314729247384195,-0.976502558638548,0.254533597705622,0.32731490337892,0.254533597705622,0.321234069519726,0.344385604656804,1.57505417928989,"Bajo"
"Tecnología",-0.478739921399917,-0.478739921399917,-0.459505780764605,-0.101436069831222,-0.478739921399917,-0.435590417897395,-0.478739921399917,-0.479683332690225,-0.472771381515545,-0.172473962879411,"Bajo"
"Tecnología",-0.482821708499333,-0.482821708499333,-0.463815581224424,1.91428726315829,-0.482821708499334,-0.436278730153382,-0.482821708499334,-0.481567123376783,-0.36841821491741,-0.172326542967064,"Bajo"
"Tecnología",-0.482464720518691,-0.482464720518691,-0.463438651481238,1.91428726315829,-0.482464720518692,-0.439653680569831,-0.482464720518692,-0.483933268772009,-0.476212459094201,-0.172719662733323,"Bajo"
"Tecnología",-0.496872216567621,-0.496872216567621,-0.478650966965648,0.282365021750938,-0.496872216567622,-0.4404086036893,-0.496872216567622,-0.494525517442098,-0.465882381538455,-0.172817942674887,"Bajo"
"Tecnología",0.34251429587819,0.34251429587819,0.407624649374547,-0.976502558638548,0.342514295878189,0.310140402411001,0.342514295878189,0.371679246416845,0.441920552936903,-0.110459319752128,"Bajo"
"Tecnología",-0.145858732884647,-0.145858732884647,-0.108029463067073,-0.654109641709533,-0.145858732884648,-0.302846068787238,-0.145858732884648,-0.110721090399939,-0.1652460740747,-0.159697570476009,"Bajo"
"Tecnología",-0.478591737709839,-0.478591737709839,-0.459349319361773,0.282365021750938,-0.47859173770984,-0.432925983358093,-0.47859173770984,-0.476684911528231,-0.468620931705483,-0.172080843113153,"Bajo"
"Tecnología",-0.492702866378614,-0.492702866378613,-0.47424871204052,-0.976502558638548,-0.492702866378614,-0.43909859004081,-0.492702866378614,-0.490731862841487,-0.485670755512932,-0.172719662733323,"Bajo"
"Tecnología",-0.170181064924238,-0.170181064924238,-0.133710468777313,1.91428726315829,-0.170181064924239,-0.214953034422003,-0.170181064924239,-0.132707339485606,-0.187715750632618,-0.157240571936893,"Bajo"
"Tecnología",2.00110066080785,2.00110066080785,2.15886157186009,1.91428726315829,2.00110066080785,1.07264605850642,2.00110066080785,2.05001941861572,1.8181773526234,-0.0860367542733168,"Medio"
"Tecnología",-0.494164496412563,-0.494164496412563,-0.475791990422996,0.282365021750938,-0.494164496412563,-0.44067504714323,-0.494164496412563,-0.492609135221171,-0.487021051777974,-0.172817942674887,"Bajo"
"Tecnología",-0.479534724828516,-0.479534724828516,-0.460344982834339,1.91428726315829,-0.479534724828517,-0.433958451742072,-0.479534724828517,-0.480986994065006,-0.473505644000683,-0.172277402996282,"Bajo"
"Tecnología",-0.14057126939778,-0.140571269397779,-0.102446635738759,-0.976502558638548,-0.14057126939778,-0.22763130210485,-0.14057126939778,-0.127864237478298,-0.475045728450443,-0.16480812743737,"Bajo"
"Tecnología",-0.129713446288441,-0.129713446288441,-0.0909822820403636,-0.101436069831222,-0.129713446288441,-0.194370277605892,-0.129713446288441,-0.196065282299923,-0.0815886867637146,-0.153014534449614,"Bajo"
"Tecnología",-0.140396143218597,-0.140396143218597,-0.10226172680814,-0.101436069831222,-0.140396143218597,-0.278855056122936,-0.140396143218597,-0.0806782140181294,-0.097604476092622,-0.157437131820022,"Bajo"
"Tecnología",3.33531966377943,3.33531966377943,3.56761159542898,0.282365021750938,3.33531966377943,4.79936844500741,3.33531966377943,3.58452011302823,-0.183073407183149,0.272586752496027,"Alto"
"Tecnología",-0.492480590843497,-0.492480590843497,-0.474014019936272,1.91428726315829,-0.492480590843497,-0.438920961071523,-0.492480590843497,-0.491135997867669,-0.48546541091963,-0.172768802704105,"Bajo"
"Tecnología",-0.110665106491165,-0.110665106491165,-0.0708698798945426,-0.654109641709533,-0.110665106491165,-0.312837698309621,-0.110665106491165,-0.143423435986299,-0.0875698147358749,0.674502966644358,"Bajo"
"Tecnología",1.6566072594883,1.6566072594883,1.79512436968611,-0.976502558638548,1.6566072594883,0.641784789880076,1.6566072594883,1.79062339656884,1.49992434582342,-0.076601879883112,"Medio"
"Comercio",-0.524086592130789,-0.524086592130789,-0.521110847448664,0.818013212367806,-0.524086592130789,-0.467696931290632,-0.524086592130789,-0.518054563678258,-0.503613803887919,-0.197282158464764,"Bajo"
"Comercio",-0.516659055815875,-0.516659055815875,-0.514299740741345,1.06998358959287,-0.516659055815875,-0.469435578403244,-0.516659055815875,-0.515428685230537,-0.500562699459637,-0.197377554079759,"Bajo"
"Comercio",-0.511111518319259,-0.511111518319259,-0.509212607101024,-0.482046712676391,-0.51111151831926,-0.464015090346277,-0.51111151831926,-0.507143074422335,-0.514045358604816,-0.197043669427277,"Bajo"
"Comercio",-0.505510046430315,-0.505510046430315,-0.504076015216977,-0.798349952171681,-0.505510046430315,-0.464667083013506,-0.505510046430315,-0.494199125576933,-0.482435311643108,-0.197091367234775,"Bajo"
"Comercio",0.731028356652206,0.731028356652206,0.629839007747228,0.0701436884764016,0.731028356652205,1.24859066808646,0.731028356652205,0.858536250464122,1.09589752635242,-0.0551903899298609,"Medio"
"Comercio",3.08743736729814,3.08743736729814,2.79068380703433,0.968123224331673,3.08743736729814,3.78697709999025,3.08743736729814,3.12420203349597,3.72845765479917,-0.0230420676765796,"Alto"
"Comercio",-0.512398238821947,-0.512398238821946,-0.510392539487043,1.10483055665591,-0.512398238821947,-0.47068842705792,-0.512398238821947,-0.511727235102253,-0.490297894829101,-0.197425251887257,"Bajo"
"Comercio",2.40218550294183,2.40218550294183,2.16230268957704,-0.482046712676391,2.40218550294183,1.05111359493558,2.40218550294183,2.47244268375317,2.70226196852809,-0.0986907903675353,"Medio"
"Comercio",-0.5077752909081,-0.5077752909081,-0.506153261453442,-0.482046712676391,-0.5077752909081,-0.462864515051166,-0.5077752909081,-0.504977095589752,-0.486472493058878,-0.1966143891598,"Bajo"
"Comercio",1.01407604759066,1.01407604759066,0.210966711667516,-1.13341694316245,1.01407604759066,0.857075463500097,1.01407604759066,1.20529314254205,1.07476687801424,2.65895656686112,"Medio"
"Comercio",-0.529141015183261,-0.529141015183261,-0.525745791432068,-0.482046712676391,-0.529141015183262,-0.470752347907649,-0.529141015183262,-0.52318763680205,-0.509578109719477,-0.197329856272262,"Bajo"
"Comercio",-0.49030054779376,-0.490300547793759,-0.483674994356229,1.9438383020968,-0.49030054779376,-0.435774858936276,-0.49030054779376,-0.478881501298564,-0.489255003202484,-0.196280504507318,"Bajo"
"Comercio",1.31039930395504,1.31039930395504,1.16112652730827,-0.291728661793632,1.31039930395504,1.28682812039398,1.31039930395504,1.15444456412645,0.682336380468866,-0.0969259714901296,"Medio"
"Comercio",-0.528717244957825,-0.528717244957825,-0.525357190945654,-0.482046712676391,-0.528717244957826,-0.471378772234987,-0.528717244957826,-0.523692042831556,-0.514250102381739,-0.197377554079759,"Bajo"
"Comercio",-0.486710058247338,-0.486710058247338,-0.479912130425452,0.804610532728176,-0.486710058247339,-0.427669695190717,-0.486710058247339,-0.484978880067,-0.463389215281156,-0.195517339587359,"Bajo"
"Comercio",-0.483689732276959,-0.483689732276958,-0.484066622898381,-0.141618649829766,-0.483689732276959,-0.428871407165611,-0.483689732276959,-0.485112399310104,-0.484953800816644,-0.195135757127379,"Bajo"
"Comercio",2.47684611175046,2.47684611175046,2.2307670298197,1.35143986202512,2.47684611175046,2.4128833775491,2.47684611175046,2.63881507839701,1.44126298791921,0.0452611926597687,"Medio"
"Comercio",2.52584165472404,2.52584165472404,2.27569631151248,-0.55978225458625,2.52584165472404,1.05198291849189,2.52584165472404,2.43100721197643,1.47314101352709,-0.123922930533686,"Medio"
"Comercio",-0.474798262455993,-0.474798262455993,-0.46742846596841,-0.219354191739625,-0.474798262455994,-0.411727835268458,-0.474798262455994,-0.458571740875235,-0.495750868908496,-0.1947541746674,"Bajo"
"Comercio",-0.47461334453944,-0.474613344539439,-0.467234670401159,-0.8412385270185,-0.47461334453944,-0.451282057080382,-0.47461334453944,-0.481507379746284,-0.454582066732551,-0.0781468677003086,"Bajo"
"Comercio",-0.474821377195563,-0.474821377195562,-0.467452690414316,1.79372829013294,-0.474821377195563,-0.415588654592052,-0.474821377195563,-0.481640898989389,-0.461185933021923,-0.192893960174999,"Bajo"
"Comercio",-0.533833307315816,-0.533833307315815,-0.530048658636173,0.616973017773342,-0.533833307315816,-0.472989577648142,-0.533833307315816,-0.528268785775746,-0.517578771827192,-0.197472949694754,"Bajo"
"Comercio",2.97880579623593,2.97880579623593,2.69106783870809,0.678625344115645,2.97880579623593,2.58548245598569,2.97880579623593,2.24491105803177,3.33412237172089,-0.0290519914212583,"Alto"
"Comercio",-0.521282003729722,-0.521282003729722,-0.518539018774946,2.12879528112371,-0.521282003729722,-0.469435578403244,-0.521282003729722,-0.513893213934836,-0.509412502961767,-0.197234460657267,"Bajo"
"Comercio",-0.469212200393429,-0.469212200393428,-0.47079061718982,0.555320691431041,-0.469212200393429,-0.428909759675448,-0.469212200393429,-0.452333425127967,-0.444215066110269,-0.19418180097743,"Bajo"
"Comercio",0.794270284113629,0.794270284113629,0.68783233124689,-1.01815389826163,0.794270284113628,0.278591773458211,0.794270284113628,0.944663580002206,0.346526771820498,-0.148773488239858,"Medio"
"Comercio",-0.467871545498413,-0.467871545498413,-0.460169207011824,0.0594215447646971,-0.467871545498414,-0.403852786581921,-0.467871545498414,-0.457622270702048,-0.439472538865063,-0.192083097447542,"Bajo"
"Comercio",-0.474983180372547,-0.474983180372547,-0.46762226153566,-1.68292680838732,-0.474983180372548,-0.441911260510201,-0.474983180372548,-0.473251439880994,-0.461882308118866,-0.195946619854836,"Bajo"
"Comercio",-0.463341056542844,-0.463341056542843,-0.455421215614191,-1.35590142518033,-0.463341056542844,-0.449901366726249,-0.463341056542844,-0.465752109059962,-0.471714318880741,-0.195803526432343,"Bajo"
"Comercio",-0.513461516842131,-0.513461516842131,-0.511367573434771,1.70527060451137,-0.513461516842132,-0.462506558292687,-0.513461516842132,-0.506549655564093,-0.493701496275386,-0.196566691352303,"Bajo"
"Comercio",-0.518716267637537,-0.518716267637537,-0.516186219466298,-0.482046712676391,-0.518716267637537,-0.467185564492805,-0.518716267637537,-0.512595110182432,-0.499092730607616,-0.19718676284977,"Bajo"
"Comercio",-0.466507775863828,-0.466507775863828,-0.458739964703353,-1.75798181436925,-0.466507775863829,-0.402919542175886,-0.466507775863829,-0.470781333883562,-0.441251558246341,-0.195088059319882,"Bajo"
"Comercio",0.940632815066014,0.940632815066015,0.822047873790697,0.402530143539249,0.940632815066014,1.52462646555351,0.940632815066014,1.08273731284364,0.830359271212887,-0.0899620915955019,"Medio"
"Comercio",-0.460906303974884,-0.460906303974884,-0.452869573978728,1.77496453863745,-0.460906303974884,-0.398572924394356,-0.460906303974884,-0.461004758194027,-0.449479303013857,-0.192273888677532,"Bajo"
"Comercio",-0.515210532136203,-0.515210532136203,-0.51297143362415,-0.482046712676391,-0.515210532136203,-0.463554860228232,-0.515210532136203,-0.51117832265838,-0.499068105067436,-0.197043669427277,"Bajo"
"Comercio",-0.468757610515234,-0.468757610515234,-0.461097810771565,-0.112132754622579,-0.468757610515234,-0.410206519044922,-0.468757610515234,-0.46650871810422,-0.456648853140502,-0.19174921279506,"Bajo"
"Comercio",-0.450034671464155,-0.450034671464154,-0.449295122405,-0.701850658766338,-0.450034671464155,-0.436465204113343,-0.450034671464155,-0.438447423845106,-0.439551692387069,-0.194086405362435,"Bajo"
"Comercio",0.0735989338240691,0.0735989338240694,0.02697127858883,1.90631079910584,0.0735989338240689,0.24363985282673,0.0735989338240689,0.0115124254168156,0.0386129750878554,-0.150681400539756,"Bajo"
"Comercio",-0.440072218709815,-0.440072218709815,-0.444069034651355,-1.64807984132428,-0.440072218709815,-0.380214856352364,-0.440072218709815,-0.453164211529506,-0.516843875349539,-0.190699861030116,"Bajo"
"Comercio",1.69754037208694,1.69754037208694,1.5161378007688,-0.482046712676391,1.69754037208694,0.663139605424176,1.69754037208694,1.6585687196744,1.52154189711207,-0.136085871445536,"Medio"
"Comercio",-0.523061838676553,-0.523061838676553,-0.518009109020746,-0.482046712676391,-0.523061838676553,-0.470995247136617,-0.523061838676553,-0.52010927647492,-0.506237655194081,-0.197329856272262,"Bajo"
"Comercio",-0.508830864015095,-0.508830864015094,-0.503094925157773,-0.482046712676391,-0.508830864015095,-0.462059112344588,-0.508830864015095,-0.505385071054793,-0.493242405847747,-0.197043669427277,"Bajo"
"Comercio",-0.434324353470266,-0.434324353470265,-0.438798198962911,1.8205336494122,-0.434324353470266,-0.429676809872188,-0.434324353470266,-0.4426013558528,-0.405984970361358,0.00882823359636055,"Bajo"
"Comercio",1.20829379436455,1.20829379436455,1.2964664878829,-1.55962215570272,1.20829379436455,1.35228307051584,1.20829379436455,1.09367105530675,1.39399567071773,3.23028610412659,"Medio"
"Comercio",-0.518731677463917,-0.518731677463916,-0.513471062820967,1.08874734108835,-0.518731677463917,-0.466456866805901,-0.518731677463917,-0.509316470990646,-0.49752724983904,-0.19699597161978,"Bajo"
"Comercio",-0.421118132263044,-0.421118132263044,-0.411171227758699,-0.482046712676391,-0.421118132263044,-0.365871017673314,-0.421118132263044,-0.431504423203676,-0.413146077445656,-0.187504107927787,"Bajo"
"Comercio",-0.529996260547323,-0.529996260547323,-0.525276442792634,0.826054820151585,-0.529996260547323,-0.4705989378683,-0.529996260547323,-0.524923386962408,-0.510822227188706,-0.197425251887257,"Bajo"
"Comercio",-0.414769283794694,-0.414769283794694,-0.404517579949771,-0.482046712676391,-0.414769283794695,-0.431287615285344,-0.414769283794695,-0.400476034653353,-0.405306712626119,-0.194420290014917,"Bajo"
"Comercio",-0.523339215551384,-0.523339215551383,-0.518299802371622,-0.482046712676391,-0.523339215551384,-0.471417124744824,-0.523339215551384,-0.51699382746915,-0.503586891690437,-0.197377554079759,"Bajo"
"Comercio",-0.52586642707762,-0.52586642707762,-0.520948341790709,0.110351727395295,-0.52586642707762,-0.472567700039935,-0.52586642707762,-0.519819984781527,-0.508798711372785,-0.197425251887257,"Bajo"
"Comercio",-0.53401822523237,-0.534018225232369,-0.529491496380328,0.139837622602483,-0.53401822523237,-0.4716344556339,-0.53401822523237,-0.528194608418466,-0.51624266037572,-0.197377554079759,"Bajo"
"Comercio",-0.407842566837114,-0.407842566837114,-0.414514201293767,1.4211337961512,-0.407842566837114,-0.411561641059164,-0.407842566837114,-0.397264155083119,-0.370951973314652,-0.193275542634979,"Bajo"
"Comercio",-0.4149156771453,-0.414915677145299,-0.404671001440511,-0.203270976172069,-0.4149156771453,-0.43434303190236,-0.4149156771453,-0.39084039594265,-0.384716946688322,0.0468919997772296,"Bajo"
"Comercio",-0.530427735685949,-0.530427735685948,-0.525728632449551,-0.482046712676391,-0.530427735685949,-0.472503779190206,-0.530427735685949,-0.52311345944477,-0.512963945597489,-0.197472949694754,"Bajo"
"Comercio",-0.523346920464573,-0.523346920464573,-0.518307877186924,1.85538061647524,-0.523346920464574,-0.471391556404932,-0.523346920464574,-0.514642405243367,-0.506497982333125,-0.197329856272262,"Bajo"
"Comercio",-0.393064543339184,-0.393064543339184,-0.381770825243763,0.504390508800443,-0.393064543339184,-0.358123810686234,-0.393064543339184,-0.371925169836189,-0.360772478591168,0.0897458468947145,"Bajo"
"Comercio",-0.389289135876209,-0.389289135876209,-0.397500565452248,-0.768864056964493,-0.38928913587621,-0.371342642410064,-0.38928913587621,-0.405994830035002,-0.38408090416482,-0.192846262367502,"Bajo"
"Comercio",-0.391300118218733,-0.391300118218732,-0.379921692539583,1.1343164518631,-0.391300118218733,-0.337733059622879,-0.391300118218733,-0.393518198540467,-0.358839021893619,-0.189793602687665,"Bajo"
"Comercio",-0.524387083745189,-0.524387083745189,-0.519397977252707,0.365002640548282,-0.524387083745189,-0.468898643265525,-0.524387083745189,-0.520079605532008,-0.50398265930047,-0.197377554079759,"Bajo"
"Comercio",-0.376968979685808,-0.376968979685808,-0.364902536077682,0.0621020806926228,-0.376968979685808,-0.388972012765153,-0.376968979685808,-0.348433200785538,1.02398919006012,-0.191176839105091,"Bajo"
"Comercio",-0.500347754593186,-0.500347754593186,-0.494204553510164,-0.0263556049289407,-0.500347754593186,-0.465178449811333,-0.500347754593186,-0.49646153497398,-0.505797561611724,-0.19718676284977,"Bajo"
"Comercio",-0.501865622491566,-0.501865622491566,-0.495795292124677,-0.482046712676391,-0.501865622491566,-0.46087018453964,-0.501865622491566,-0.502677597514064,-0.479996679578442,-0.196328202314815,"Bajo"
"Comercio",-0.0310800167717992,-0.031080016771799,-0.00240792753593762,0.46418246988155,-0.0310800167717994,0.0218600726091246,-0.0310800167717994,-0.045433531767223,-0.397689417409989,-0.153209384337121,"Bajo"
"Comercio",-0.380867665759819,-0.380867665759818,-0.389778013967705,-0.482046712676391,-0.380867665759819,-0.33832113144038,-0.380867665759819,-0.351229687155003,-0.36189892115768,-0.186025475895366,"Bajo"
"Comercio",-0.383148320063983,-0.383148320063983,-0.391869391130948,0.0165329699178782,-0.383148320063983,-0.405080066896706,-0.383148320063983,-0.390870066885562,-0.378473316872439,-0.192464679907522,"Bajo"
"Comercio",-0.514239713074296,-0.514239713074295,-0.508763445499845,0.391807999827543,-0.514239713074296,-0.466124478387314,-0.514239713074296,-0.506883453671854,-0.498181585620961,-0.19718676284977,"Bajo"
"Comercio",1.02652718730529,1.02652718730529,1.10597352009112,-0.825155311450943,1.02652718730529,0.57588764554493,1.02652718730529,1.25055616595445,0.908795134619995,-0.149870537812299,"Medio"
"Comercio",-0.528231835426871,-0.528231835426871,-0.523427310088453,1.45061969135839,-0.528231835426872,-0.468936995775362,-0.528231835426872,-0.520457910054137,-0.510958723039988,-0.197234460657267,"Bajo"
"Comercio",-0.515133483004306,-0.515133483004306,-0.509700124074888,0.300669778278053,-0.515133483004306,-0.463363097679047,-0.515133483004306,-0.507996114031057,-0.494814482743157,-0.197139065042272,"Bajo"
"Comercio",1.74430919514869,1.74430919514869,1.85821523881919,-0.482046712676391,1.74430919514869,1.67158049907907,1.74430919514869,1.72778361175259,1.56424961965254,-0.125735447218589,"Medio"
"Comercio",-0.51954069334884,-0.519540693348839,-0.514318918427688,2.02425437993459,-0.51954069334884,-0.466878744414108,-0.51954069334884,-0.513462985262611,-0.503022263233456,-0.197139065042272,"Bajo"
"Comercio",-0.364818331585581,-0.364818331585581,-0.37506065372772,1.81517257755635,-0.364818331585581,-0.373822771379525,-0.364818331585581,-0.378756904441699,-0.361734985418769,-0.193514031672466,"Bajo"
"Comercio",-0.508722995230439,-0.508722995230438,-0.502981877743543,0.960081616547894,-0.508722995230439,-0.466175615067096,-0.508722995230439,-0.499117084364613,-0.487863044543819,-0.197329856272262,"Bajo"
"Comercio",-0.533794782749867,-0.533794782749867,-0.529257326736567,-1.55158054791894,-0.533794782749867,-0.472337584980913,-0.533794782749867,-0.52825395030429,-0.515050520385942,-0.197425251887257,"Bajo"
"Comercio",-0.533894946621334,-0.533894946621333,-0.529362299335495,-0.0746052516316119,-0.533894946621334,-0.472912872628468,-0.533894946621334,-0.528758356333796,-0.516130086477755,-0.197472949694754,"Bajo"
"Comercio",-0.526968229663753,-0.526968229663753,-0.522103040378909,-0.482046712676391,-0.526968229663754,-0.468387276467698,-0.526968229663754,-0.519167224037461,-0.509804840585847,-0.197234460657267,"Bajo"
"Comercio",1.67289235479295,1.67289235479295,1.78336977578405,-1.63199662575672,1.67289235479295,1.11405006357815,1.67289235479295,1.40438516948221,1.90310268122206,4.14144411799726,"Medio"
"Comercio",1.24968458801985,1.24968458801985,1.33984439568576,-1.46044232636945,1.24968458801985,1.32096185414893,1.24968458801985,0.9565467926385,1.1125749975425,-0.0487511859177052,"Medio"
"Comercio",-0.515341515660429,-0.515341515660429,-0.509918144088045,0.206851020800637,-0.515341515660429,-0.4716344556339,-0.515341515660429,-0.511704981895069,-0.499187714834024,-0.197377554079759,"Bajo"
"Comercio",-0.529811342630769,-0.529811342630769,-0.525082647225383,-1.14145855094623,-0.529811342630769,-0.473296397726838,-0.529811342630769,-0.524077765089413,-0.510730936793324,-0.197520647502252,"Bajo"
"Comercio",-0.52283839619405,-0.52283839619405,-0.517774939376985,0.126434942962852,-0.52283839619405,-0.467875909669871,-0.52283839619405,-0.514805595429383,-0.496855676178993,-0.197234460657267,"Bajo"
"Comercio",-0.531891669192,-0.531891669192,-0.527262847356949,-0.117493826478431,-0.531891669192,-0.473104635177653,-0.531891669192,-0.524671183947655,-0.514300760635824,-0.197472949694754,"Bajo"
"Comercio",-0.349531783817128,-0.349531783817128,-0.336148118786914,-1.004751218622,-0.349531783817128,-0.372454865195338,-0.349531783817128,-0.343240785775921,-0.51508912971501,-0.188553459692731,"Bajo"
"Comercio",1.75402509068096,1.75402509068096,1.86839758091514,1.65434042188077,1.75402509068096,0.672280286935335,1.75402509068096,1.56904406717288,1.78256488356291,-0.135799684600551,"Medio"
"Comercio",0.268271270476153,0.268271270476153,0.31131479658114,-0.482046712676391,0.268271270476153,0.460382670085738,0.268271270476153,0.125040870734219,0.29015020346142,-0.151826147919695,"Bajo"
"Comercio",-0.495069889058211,-0.495069889058211,-0.488673305028227,-1.29424909883802,-0.495069889058211,-0.462621615822198,-0.495069889058211,-0.497181055339599,-0.480676344487405,-0.196709784774795,"Bajo"
"Comercio",-0.510841846357618,-0.510841846357618,-0.50520245195162,-0.482046712676391,-0.510841846357618,-0.465625895759432,-0.510841846357618,-0.500467112267113,-0.490160695390956,-0.19680518038979,"Bajo"
"Comercio",-0.508769224709577,-0.508769224709577,-0.503030326635356,-0.482046712676391,-0.508769224709577,-0.460294896892085,-0.508769224709577,-0.502588584685328,-0.499553228208979,-0.196662086967298,"Bajo"
"Comercio",2.66515419010781,2.66515419010781,2.82326871483403,1.85806115240316,2.66515419010781,3.30859346062302,2.66515419010781,2.85362528734485,2.99042300384397,0.00276244617954083,"Alto"
"Comercio",-0.348291292793579,-0.348291292793579,-0.334848073523277,0.011171898062026,-0.348291292793579,-0.284960006087124,-0.348291292793579,-0.369254784974101,-0.346643047222837,-0.180110947765682,"Bajo"
"Comercio",1.23994557774802,1.23994557774802,1.32963782914391,-0.133577042045988,1.23994557774802,1.6562522793142,1.23994557774802,1.48332471309984,1.10368165960326,-0.0730293699339072,"Medio"
"Comercio",-0.522761347062153,-0.522761347062153,-0.517694191223964,-0.482046712676391,-0.522761347062153,-0.466367377616281,-0.522761347062153,-0.518774084043876,-0.505963256317791,-0.197091367234775,"Bajo"
"Comercio",-0.515441679531896,-0.515441679531895,-0.510023116686972,-0.482046712676391,-0.515441679531896,-0.468515118167155,-0.515441679531896,-0.512617363389616,-0.49927918112612,-0.197139065042272,"Bajo"
"Comercio",-0.0965409592318682,-0.096540959231868,-0.0710115583425549,-0.0531609642082029,-0.0965409592318685,-0.215375769072804,-0.0965409592318685,-0.143169617719664,-0.116753075841079,-0.18707482766031,"Bajo"
"Comercio",-0.312317053110662,-0.312317053110662,-0.326916586192792,1.98672687694362,-0.312317053110662,-0.315015589629411,-0.312317053110662,-0.327010780003005,-0.272289394790685,-0.190127487340147,"Bajo"
"Comercio",-0.528339704211528,-0.528339704211528,-0.523540357502683,-0.482046712676391,-0.528339704211528,-0.468821938245851,-0.528339704211528,-0.522253002100319,-0.510032099142364,-0.197043669427277,"Bajo"
"Comercio",-0.302500993706928,-0.302500993706927,-0.286859446182913,1.38628682908816,-0.302500993706928,-0.359772968609226,-0.302500993706928,-0.331520763325644,-0.26153295884013,0.267356608184883,"Bajo"
"Comercio",1.24297360863159,1.24297360863159,1.33281123155764,1.61949345481773,1.24297360863159,2.05380161211492,1.24297360863159,1.40677368038663,1.10644675597203,-0.0761297274212414,"Medio"
"Comercio",-0.32505327461331,-0.325053274613309,-0.310494430572152,-0.482046712676391,-0.32505327461331,-0.406281778871599,-0.32505327461331,-0.286294828591883,-0.305834305623665,-0.19155842156507,"Bajo"
"Comercio",-0.523693641558112,-0.523693641558112,-0.518671243875518,-0.211312583955848,-0.523693641558112,-0.46841284480759,-0.523693641558112,-0.516385573139452,-0.504096992165591,-0.197282158464764,"Bajo"
"Comercio",-0.488451368628221,-0.48845136862822,-0.481737038683726,-0.482046712676391,-0.488451368628221,-0.465498054059975,-0.488451368628221,-0.482783230291505,-0.47463253334041,-0.196900576004785,"Bajo"
"Comercio",0.970597222460931,0.970597222460931,1.0473584358132,1.66506256559248,0.97059722246093,0.286262275425617,0.97059722246093,0.855517232022816,0.857721764287003,-0.146960971554955,"Medio"
"Comercio",-0.515279876354911,-0.515279876354911,-0.509853545565628,-0.511532607883579,-0.515279876354911,-0.46634180927639,-0.515279876354911,-0.512283565281855,-0.499131427885041,-0.196900576004785,"Bajo"
"Comercio",-0.29490394930184,-0.294903949301839,-0.278897678295046,-0.634837260568184,-0.29490394930184,-0.305759850588741,-0.29490394930184,-0.344064154441732,-0.297891513535373,-0.190986047875101,"Bajo"
"Comercio",-0.515742171146296,-0.515742171146295,-0.510338034483754,-0.482046712676391,-0.515742171146296,-0.467837557160034,-0.515742171146296,-0.507002137443502,-0.495474535168335,-0.197377554079759,"Bajo"
"Comercio",0.966598372515453,0.966598372515453,1.04316760667141,0.968123224331673,0.966598372515453,0.353775476908738,0.966598372515453,0.936607919001572,0.991608011897354,-0.157168302359409,"Medio"
"Comercio",-0.255192826721897,-0.255192826721896,-0.237280080228037,-0.482046712676391,-0.255192826721897,-0.26666585889486,-0.255192826721897,-0.298526674807394,-0.502369422573617,-0.191033745682598,"Bajo"
"Comercio",-0.294148867809245,-0.294148867809244,-0.31025622352074,-0.717933874333895,-0.294148867809245,-0.367814211505057,-0.294148867809245,-0.26111903353097,-0.496943096846631,-0.192178493062537,"Bajo"
"Comercio",-0.514293647466624,-0.514293647466623,-0.50881996920696,-1.24331891620743,-0.514293647466624,-0.467172780322859,-0.514293647466624,-0.513440732055427,-0.498230836701321,-0.197139065042272,"Bajo"
"Comercio",3.28155495020056,3.28155495020056,3.4692620138171,1.31391235903415,3.28155495020056,5.13569424508923,3.28155495020056,3.2697899326299,2.96801094793287,0.0545622651217715,"Alto"
"Comercio",-0.273730847856422,-0.273730847856422,-0.291532745539002,0.965442688403746,-0.273730847856422,-0.318620725554092,-0.273730847856422,-0.239036434268643,-0.233041032955337,-0.183306700868012,"Bajo"
"Comercio",-0.532145931327262,-0.532145931327261,-0.527529316261919,-1.39610946409922,-0.532145931327262,-0.473015145988033,-0.532145931327262,-0.527452834845664,-0.514532944300377,-0.197472949694754,"Bajo"
"Comercio",-0.527823475027815,-0.527823475027815,-0.522999344877442,0.734916598602095,-0.527823475027815,-0.469026484964982,-0.527823475027815,-0.522386521343423,-0.510585822002979,-0.197139065042272,"Bajo"
"Comercio",-0.504207916101248,-0.504207916101248,-0.498250035976514,-1.37734571260374,-0.504207916101248,-0.46737732704199,-0.504207916101248,-0.501876482055438,-0.48902088467406,-0.197091367234775,"Bajo"
"Comercio",-0.280773138511848,-0.280773138511848,-0.264088467031,0.351599960908651,-0.280773138511849,-0.297488492633888,-0.280773138511849,-0.29843024424293,-0.240677588861822,-0.181446486375611,"Bajo"
"Comercio",-0.250092174190286,-0.250092174190286,-0.231934552498049,-1.13341694316245,-0.250092174190286,-0.330126478505201,-0.250092174190286,-0.252722156686847,-0.505091951937214,-0.191224536912588,"Bajo"
"Comercio",-0.513415287362993,-0.513415287362993,-0.50789944026252,-1.36662356889203,-0.513415287362993,-0.467351758702098,-0.513415287362993,-0.511259917751388,-0.497428747678321,-0.197234460657267,"Bajo"
"Comercio",1.65656564374388,1.65656564374388,1.76625924215891,-0.854641206658131,1.65656564374388,1.05298008374765,1.65656564374388,1.60366263981557,1.68466851113196,-0.10832574748202,"Medio"
"Comercio",-0.272421012614165,-0.272421012614165,-0.255335367243526,-0.482046712676391,-0.272421012614166,-0.26977241219166,-0.272421012614166,-0.327492932825327,-0.277360848894008,-0.190222882955142,"Bajo"
"Comercio",0.265898157213712,0.265898157213712,0.308827753468094,-0.447199745613351,0.265898157213712,0.0369453931450235,0.265898157213712,0.396708024037362,0.214214184175997,-0.167661820008848,"Bajo"
"Comercio",-0.514162663942398,-0.514162663942398,-0.508682697346824,0.032616185485435,-0.514162663942398,-0.461944054815077,-0.514162663942398,-0.511793994723805,-0.498111226934733,-0.19718676284977,"Bajo"
"Comercio",-0.216521867422569,-0.216521867422569,-0.196752582226811,-0.0290361408568673,-0.216521867422569,-0.254022314818586,-0.216521867422569,-0.172944408931952,-0.167317049285779,-0.188219575040249,"Bajo"
"Comercio",-0.527130032840738,-0.527130032840738,-0.522272611500253,-0.948459964135547,-0.527130032840738,-0.469998081880854,-0.527130032840738,-0.519538110823862,-0.507823364084947,-0.197377554079759,"Bajo"
"Comercio",-0.513422992276183,-0.513422992276182,-0.507907515077823,0.00849136213409936,-0.513422992276183,-0.471429908914769,-0.513422992276183,-0.508166721952802,-0.495346922101188,-0.197282158464764,"Bajo"
"Comercio",-0.520681020500922,-0.520681020500922,-0.515513991092398,-0.117493826478431,-0.520681020500922,-0.471468261424607,-0.520681020500922,-0.514879772786663,-0.504063571789632,-0.197472949694754,"Bajo"
"Comercio",0.804648802180214,0.804648802180215,0.873443063836632,1.8205336494122,0.804648802180214,1.09277720478854,0.804648802180214,0.836245954601411,0.706183225888878,-0.144385289950092,"Medio"
"Comercio",-0.511812665419526,-0.511812665419526,-0.506219878679684,-0.482046712676391,-0.511812665419526,-0.46776085214036,-0.511812665419526,-0.505125450304312,-0.226416410853529,-0.197234460657267,"Bajo"
"Comercio",-0.490654973800488,-0.490654973800487,-0.484046435860126,-1.80891199699985,-0.490654973800488,-0.455641459031858,-0.490654973800488,-0.477954284332561,-0.476644791766534,-0.19623280669982,"Bajo"
"Comercio",-0.519301841039958,-0.519301841039957,-0.514068599153323,-1.16290283836964,-0.519301841039958,-0.472171390771619,-0.519301841039958,-0.512832477725729,-0.502804151306149,-0.197472949694754,"Bajo"
"Comercio",-0.194547455005418,-0.194547455005418,-0.17372320898523,0.809971604584028,-0.194547455005418,-0.267202794032579,-0.194547455005418,-0.177283784332846,-0.147175732024329,-0.186836338622823,"Bajo"
"Comercio",-0.22462743609818,-0.22462743609818,-0.205247287924618,-0.0183139971451619,-0.224627436098181,-0.376763130467031,-0.224627436098181,-0.190791481093577,-0.233717355826705,-0.190413674185132,"Bajo"
"Comercio",-0.507074143807833,-0.507074143807833,-0.501253867268895,0.847499107574995,-0.507074143807833,-0.470010866050799,-0.507074143807833,-0.497603866276096,-0.485704176205267,-0.197377554079759,"Bajo"
"Comercio",-0.215312196051779,-0.215312196051779,-0.195484836224382,-0.535657431234915,-0.215312196051779,-0.166131146442056,-0.215312196051779,-0.238183394659921,-0.480326485920136,-0.185977778087869,"Bajo"
"Comercio",-0.212515312563902,-0.212515312563902,-0.192553678269721,0.517793188440074,-0.212515312563902,-0.297271161744811,-0.212515312563902,-0.198602356815186,-0.222656970351644,-0.191367630335081,"Bajo"
"Comercio",4.12065852112968,4.12065852112968,4.34864977429199,-0.482046712676391,4.12065852112968,3.28319131494096,4.12065852112968,4.38540996838895,3.73425222030021,0.130258685620225,"Alto"
"Comercio",-0.494854151488898,-0.494854151488898,-0.488447210199768,-0.482046712676391,-0.494854151488899,-0.454043437788649,-0.494854151488899,-0.490074864512152,-0.472823875362558,-0.196900576004785,"Bajo"
"Comercio",-0.501873327404756,-0.501873327404755,-0.495803366939979,0.311391921989759,-0.501873327404756,-0.466968233603728,-0.501873327404756,-0.493457352004131,-0.483447069551069,-0.19718676284977,"Bajo"
"Comercio",-0.168967143215466,-0.168967143215466,-0.146914822182268,-1.55426108384686,-0.168967143215466,-0.140319907321734,-0.168967143215466,-0.176556846231499,-0.182890240895511,-0.174482606480983,"Bajo"
"Comercio",-0.516851678645619,-0.516851678645619,-0.511500807887256,-0.482046712676391,-0.516851678645619,-0.47021541276993,-0.516851678645619,-0.515666052773834,-0.500566745084095,-0.197282158464764,"Bajo"
"Comercio",-0.187320246433438,-0.187320246433437,-0.166149032231863,-0.482046712676391,-0.187320246433438,-0.347551302141159,-0.187320246433438,-0.197482278720254,-0.513414065292634,-0.189268926805193,"Bajo"
"Comercio",4.41193505935478,4.41193505935478,4.65391009197247,2.01353223622288,4.41193505935478,4.38913707277153,4.41193505935478,4.56576479488012,4.90454513441722,9.51317989844017,"Alto"
"Comercio",-0.489476122082457,-0.489476122082456,-0.482810989118905,-1.16558337429757,-0.489476122082457,-0.463465371038613,-0.489476122082457,-0.491773525993869,-0.475568303867244,-0.19718676284977,"Bajo"
"Comercio",-0.530404620946379,-0.530404620946379,-0.525704408003645,1.72939542786271,-0.53040462094638,-0.471711160653574,-0.53040462094638,-0.523506599438355,-0.189723300605271,-0.197377554079759,"Bajo"
"Comercio",1.73413100482504,1.73413100482504,1.84754840780512,-0.591948685721365,1.73413100482504,2.30253042257802,1.73413100482504,1.48466732326661,1.97020798179899,4.26154368671721,"Medio"
"Comercio",-0.0946763702399501,-0.0946763702399498,-0.127338441834246,-0.130896506118062,-0.0946763702399503,-0.0604060609913071,-0.0946763702399503,-0.171586963293723,-0.115050395634358,-0.184403750440453,"Bajo"
"Comercio",-0.526945114924184,-0.526945114924184,-0.522078815933003,-0.983306931198587,-0.526945114924184,-0.468118808898839,-0.526945114924184,-0.52003509911764,-0.507622841829197,-0.197282158464764,"Bajo"
"Comercio",-0.115972750296404,-0.115972750296404,-0.0913762425344439,-0.744739233613157,-0.115972750296404,-0.337975958851847,-0.115972750296404,-0.122704084846047,-0.13449753650781,-0.18688403643032,"Bajo"
"Comercio",-0.531074948393887,-0.531074948393887,-0.526406916934927,-0.482046712676391,-0.531074948393887,-0.470829052927323,-0.531074948393887,-0.526162148828988,-0.448857684021032,-0.197425251887257,"Bajo"
"Comercio",-0.506712012887915,-0.506712012887915,-0.500874350949696,1.22277413748466,-0.506712012887915,-0.461573313886653,-0.506712012887915,-0.496543130066989,-0.491307541976474,-0.19680518038979,"Bajo"
"Agricultura",-0.507106390066997,-0.507106390066997,-0.507106390066996,-1.32380020273901,-0.507106390066997,-0.475132473656016,-0.507106390066997,-0.49610786333188,-0.473661040798087,-0.242379873825219,"Bajo"
"Agricultura",2.51245194539611,2.51245194539611,2.51245194539611,0.605106173839442,2.51245194539611,2.35499595185459,2.51245194539611,2.51683348957006,2.87469020546296,-0.0779843154506743,"Alto"
"Agricultura",1.56128868031015,1.56128868031015,1.56128868031015,-1.22312181534939,1.56128868031015,2.26335202357923,1.56128868031015,1.2224356901233,1.73095423737157,3.9844908381564,"Alto"
"Agricultura",1.65849176265765,1.65849176265765,1.65849176265765,0.4586648830909,1.65849176265765,2.00351389636167,1.65849176265765,1.34485417997847,1.5722425563962,-0.0930840368537696,"Medio"
"Agricultura",-0.0443563357138438,-0.0443563357138439,-0.0443563357138433,-0.214049796285217,-0.044356335713844,0.0386199259112381,-0.044356335713844,0.0151403516020258,0.0395711855293457,-0.203141865390415,"Bajo"
"Agricultura",0.696060519076343,0.696060519076343,0.696060519076343,-0.200320925277541,0.696060519076343,0.567695904394664,0.696060519076343,0.564877038371564,0.633671905250005,-0.174218455378852,"Medio"
"Agricultura",-0.50304019247009,-0.50304019247009,-0.503040192470089,0.053663188364462,-0.50304019247009,-0.471588980561544,-0.50304019247009,-0.496296894903996,-0.472094704092574,-0.241795025461015,"Bajo"
"Agricultura",-0.538043027453774,-0.538043027453774,-0.538043027453773,0.344257624693601,-0.538043027453774,-0.476958319334465,-0.538043027453774,-0.527667917111258,-0.495812505164755,-0.242433041858329,"Bajo"
"Agricultura",-0.536995038382406,-0.536995038382406,-0.536995038382405,1.60731375739978,-0.536995038382406,-0.476011584538232,-0.536995038382406,-0.526911790822794,-0.507894156190324,-0.242273537759,"Bajo"
"Agricultura",-0.497674488424687,-0.497674488424687,-0.497674488424686,-0.804391249615278,-0.497674488424687,-0.472900884493467,-0.497674488424687,-0.483763279796301,-0.459942220275371,-0.242060865626562,"Bajo"
"Agricultura",-0.505077483224829,-0.505077483224829,-0.505077483224828,-1.08125681493674,-0.505077483224829,-0.474118114945766,-0.505077483224829,-0.491760137173211,-0.468829312398276,-0.24232670579211,"Bajo"
"Agricultura",-0.520906310158768,-0.520906310158768,-0.520906310158767,0.605106173839442,-0.520906310158768,-0.469966006625144,-0.520906310158768,-0.513835737290765,-0.493098490832698,-0.241848193494124,"Bajo"
"Agricultura",-0.494362842959165,-0.494362842959165,-0.494362842959164,-0.0378626183533766,-0.494362842959165,-0.433408518707746,-0.494362842959165,-0.478758052517228,-0.46713193502824,-0.240891168898153,"Bajo"
"Agricultura",-0.527504449352099,-0.527504449352099,-0.527504449352099,-0.136252860575053,-0.527504449352099,-0.476227981063086,-0.527504449352099,-0.520788811639034,-0.504785621849078,-0.24232670579211,"Bajo"
"Agricultura",-0.50597456186992,-0.50597456186992,-0.505974561869919,-0.873035604653657,-0.50597456186992,-0.474618531909489,-0.50597456186992,-0.499600838034025,-0.491143226180492,-0.242114033659672,"Bajo"
"Agricultura",2.24178571195581,2.24178571195581,2.24178571195581,-0.43371173240803,2.24178571195581,2.32806810929316,2.24178571195581,1.81923301958574,2.20954755097154,-0.0509217865979436,"Alto"
"Agricultura",-0.526381005067593,-0.526381005067593,-0.526381005067592,-1.54575028402977,-0.526381005067593,-0.472211120570497,-0.526381005067593,-0.514821988971371,-0.504073752293162,-0.242167201692781,"Bajo"
"Agricultura",-0.530749023517054,-0.530749023517054,-0.530749023517053,-0.662526249202628,-0.530749023517054,-0.47376647059288,-0.530749023517054,-0.522498314552084,-0.506841543626236,-0.242220369725891,"Bajo"
"Agricultura",-0.519087001130873,-0.519087001130873,-0.519087001130873,-1.31464762206723,-0.519087001130873,-0.47332015276037,-0.519087001130873,-0.507992196083177,-0.499451912639086,-0.242220369725891,"Bajo"
"Agricultura",-0.49280343522097,-0.49280343522097,-0.492803435220969,0.273325124487276,-0.49280343522097,-0.460863827798504,-0.49280343522097,-0.479941554533954,-0.465606420378958,-0.241157009063701,"Bajo"
"Agricultura",-0.468414633552099,-0.468414633552099,-0.468414633552098,-1.3329527834108,-0.468414633552099,-0.42285918812115,-0.468414633552099,-0.462665712595347,-0.467343408191683,-0.240253152500839,"Bajo"
"Agricultura",-0.516856880387003,-0.516856880387003,-0.516856880387002,1.37849924060518,-0.516856880387003,-0.468911073566485,-0.516856880387003,-0.504959472165315,-0.498038798446,-0.241795025461015,"Bajo"
"Agricultura",-0.533817535518019,-0.533817535518019,-0.533817535518018,0.96434496520696,-0.533817535518019,-0.477012418465679,-0.533817535518019,-0.523977692072992,-0.504545815568982,-0.242379873825219,"Bajo"
"Agricultura",-0.5166556664853,-0.5166556664853,-0.5166556664853,1.82468754835465,-0.5166556664853,-0.47283326057945,-0.5166556664853,-0.504721128009169,-0.488940233159653,-0.241954529560343,"Bajo"
"Agricultura",-0.534136124195714,-0.534136124195715,-0.534136124195714,1.10620996561961,-0.534136124195715,-0.476444377587939,-0.534136124195715,-0.525498163413926,-0.507006323067825,-0.242379873825219,"Bajo"
"Agricultura",-0.467458867519011,-0.467458867519011,-0.467458867519011,1.26180383703994,-0.467458867519012,-0.423197307691233,-0.467458867519012,-0.472026884797095,-0.434122362910428,-0.24014681643462,"Bajo"
"Agricultura",-0.500793303901077,-0.500793303901077,-0.500793303901077,-1.00117173405863,-0.500793303901078,-0.463676982621596,-0.500793303901078,-0.496296894903996,-0.467833925273744,-0.241157009063701,"Bajo"
"Agricultura",0.882828939419222,0.882828939419221,0.882828939419222,0.0124765753414345,0.882828939419221,1.12452473719052,0.882828939419221,1.00506581971784,-0.495743536393954,-0.129291467401333,"Medio"
"Agricultura",-0.444000680145515,-0.444000680145515,-0.444000680145515,1.55697456370497,-0.444000680145515,-0.411106151865057,-0.444000680145515,-0.434730133742194,-0.44818267204965,-0.238658111507555,"Bajo"
"Agricultura",-0.445828373085981,-0.445828373085981,-0.44582837308598,-0.582441168324518,-0.445828373085981,-0.400083453880344,-0.445828373085981,-0.440573674949782,-0.502564547826164,-0.235893373785861,"Bajo"
"Agricultura",-0.5176365842561,-0.5176365842561,-0.5176365842561,0.193240043609167,-0.5176365842561,-0.47348245015401,-0.5176365842561,-0.51019482483653,-0.492127708783154,-0.242060865626562,"Bajo"
"Agricultura",-0.432011685169068,-0.432011685169068,-0.432011685169067,-0.836425281966521,-0.432011685169068,-0.405588040481298,-0.432011685169068,-0.416295446078875,-0.48171528841305,-0.237594750845365,"Bajo"
"Agricultura",-0.532400654293529,-0.532400654293529,-0.532400654293529,1.59587303156005,-0.53240065429353,-0.47368532189606,-0.53240065429353,-0.521799719611655,-0.505257871526981,-0.242060865626562,"Bajo"
"Agricultura",-0.528032635844069,-0.528032635844069,-0.528032635844068,-0.662526249202628,-0.528032635844069,-0.47206234795966,-0.528032635844069,-0.520714842762989,-0.50137325211214,-0.242114033659672,"Bajo"
"Agricultura",-0.518307297261776,-0.518307297261776,-0.518307297261775,-1.5571910098695,-0.518307297261776,-0.47145373273351,-0.518307297261776,-0.506299130698138,-0.487303622868756,-0.241848193494124,"Bajo"
"Agricultura",-0.53195630692727,-0.53195630692727,-0.531956306927269,0.374003511876899,-0.53195630692727,-0.474064015814553,-0.53195630692727,-0.521306593771352,-0.5048626991105,-0.24232670579211,"Bajo"
"Agricultura",-0.50890893126975,-0.508908931269749,-0.508908931269749,-0.943968104859983,-0.50890893126975,-0.466665959621132,-0.50890893126975,-0.498022835345056,-0.484365926036804,-0.241688689394796,"Bajo"
"Agricultura",-0.418664496356128,-0.418664496356128,-0.418664496356127,1.54324569269729,-0.418664496356128,-0.415082438009235,-0.418664496356128,-0.417413197983562,-0.48323949824775,-0.238977119706212,"Bajo"
"Agricultura",-0.423493629996991,-0.423493629996991,-0.42349362999699,-0.76320463659225,-0.423493629996991,-0.382217215797146,-0.423493629996991,-0.436061573511012,-0.381902564897481,-0.23493634918989,"Bajo"
"Agricultura",-0.416820035590521,-0.416820035590521,-0.41682003559052,-0.248371973804406,-0.416820035590521,-0.397987112545828,-0.416820035590521,-0.392650062036357,-0.500329959652214,-0.237913759044022,"Bajo"
"Agricultura",-0.539535363891401,-0.539535363891401,-0.539535363891401,1.33731262758215,-0.539535363891401,-0.477769806302665,-0.539535363891401,-0.5298541083366,-0.511602998440664,-0.242433041858329,"Bajo"
"Agricultura",-0.410515333337172,-0.410515333337172,-0.410515333337172,1.78807722566751,-0.410515333337172,-0.414392674086266,-0.410515333337172,-0.421670517738176,1.37631029384041,-0.237382078712927,"Bajo"
"Agricultura",-0.411974134124516,-0.411974134124516,-0.411974134124516,1.26409198220788,-0.411974134124516,-0.37122156737804,-0.411974134124516,-0.410936811947585,-0.398158690577338,-0.233288140163496,"Bajo"
"Agricultura",-0.536701601442423,-0.536701601442423,-0.536701601442422,-0.262100844812082,-0.536701601442423,-0.475808712796182,-0.536701601442423,-0.525835132738133,-0.509082842275182,-0.24232670579211,"Bajo"
"Agricultura",-0.509252671685158,-0.509252671685158,-0.509252671685158,-1.04235834708166,-0.509252671685158,-0.474064015814553,-0.509252671685158,-0.504638940369118,-0.484671625453327,-0.242167201692781,"Bajo"
"Agricultura",-0.51113905201362,-0.51113905201362,-0.51113905201362,-1.41303786428891,-0.51113905201362,-0.470385274892048,-0.51113905201362,-0.50223084251564,-0.486349244202538,-0.241848193494124,"Bajo"
"Agricultura",-0.526867271996708,-0.526867271996708,-0.526867271996707,1.37849924060518,-0.526867271996708,-0.47157545577874,-0.526867271996708,-0.520361435910772,-0.500336856529294,-0.241901361527234,"Bajo"
"Agricultura",-0.532819849922077,-0.532819849922077,-0.532819849922076,0.808751093786634,-0.532819849922077,-0.475173048004426,-0.532819849922077,-0.521207968603292,-0.505630675693472,-0.242220369725891,"Bajo"
"Agricultura",-0.515339392211662,-0.515339392211662,-0.515339392211662,-0.509220522950247,-0.515339392211662,-0.469722560534684,-0.515339392211662,-0.509068854167838,-0.490084741950781,-0.241635521361686,"Bajo"
"Agricultura",-0.539686274317678,-0.539686274317678,-0.539686274317678,-0.358202941865813,-0.539686274317678,-0.477661608040238,-0.539686274317678,-0.529418513844333,-0.511069888482581,-0.242433041858329,"Bajo"
"Agricultura",-0.393395383867308,-0.393395383867308,-0.393395383867308,-0.378796248377326,-0.393395383867308,-0.409550801842674,-0.393395383867308,-0.414939350018043,-0.38163600991844,-0.236371886083847,"Bajo"
"Agricultura",2.33751322569083,2.33751322569083,2.33751322569083,0.0513750431965165,2.33751322569083,2.36578872853164,2.33751322569083,2.82742880008477,2.55934000748207,5.54395858919248,"Alto"
"Agricultura",-0.516714353873297,-0.516714353873297,-0.516714353873296,0.463241173426792,-0.516714353873297,-0.475524692357312,-0.516714353873297,-0.508189446419298,-0.491307539616873,-0.242273537759,"Bajo"
"Agricultura",-0.392271939582802,-0.392271939582802,-0.392271939582801,0.113154962731058,-0.392271939582802,-0.353395903643252,-0.392271939582802,-0.38599286319227,-0.501059444204996,-0.234883181156781,"Bajo"
"Agricultura",3.52851507769373,3.52851507769373,3.52851507769373,0.621123190015064,3.52851507769373,1.56397198003629,3.52851507769373,3.70407504391903,3.10624521094159,-0.134129758414296,"Alto"
"Agricultura",-0.521862076191855,-0.521862076191855,-0.521862076191855,0.0719683497080302,-0.521862076191855,-0.473915243203716,-0.521862076191855,-0.51195364033361,-0.492181392583129,-0.242114033659672,"Bajo"
"Agricultura",-0.521526719689018,-0.521526719689017,-0.521526719689017,-1.44964818697604,-0.521526719689018,-0.474064015814553,-0.521526719689018,-0.513753549650715,-0.490882542867073,-0.24232670579211,"Bajo"
"Agricultura",-0.530028007035953,-0.530028007035953,-0.530028007035952,-0.056167779696944,-0.530028007035953,-0.476931269768859,-0.530028007035953,-0.519334090410141,-0.482028164309778,-0.24232670579211,"Bajo"
"Agricultura",1.71778279235935,1.71778279235935,1.71778279235935,1.55926270887291,1.71778279235935,1.31749633822842,1.71778279235935,1.46357422603136,1.69693362035424,-0.0867038728806307,"Medio"
"Agricultura",-0.522205816607264,-0.522205816607264,-0.522205816607263,1.79722980633929,-0.522205816607264,-0.47250866579217,-0.522205816607264,-0.515068551891522,-0.491637471304218,-0.242167201692781,"Bajo"
"Agricultura",-0.506108704471055,-0.506108704471055,-0.506108704471054,1.17943061099388,-0.506108704471055,-0.46121547215139,-0.506108704471055,-0.49079854178462,-0.475369415891034,-0.241103841030591,"Bajo"
"Agricultura",-0.523740072607746,-0.523740072607746,-0.523740072607746,-1.26888471870831,-0.523740072607746,-0.470222977498408,-0.523740072607746,-0.515315114811674,-0.497555737447269,-0.242007697593453,"Bajo"
"Agricultura",1.99189481386631,1.99189481386631,1.99189481386631,-0.625915926515492,1.99189481386631,1.16500441212088,1.99189481386631,1.7882318417587,2.1904965124555,4.84959666697278,"Alto"
"Agricultura",-0.527537985002383,-0.527537985002383,-0.527537985002382,0.161206011257923,-0.527537985002383,-0.475822237578986,-0.527537985002383,-0.519810778722434,-0.498238714680281,-0.242379873825219,"Bajo"
"Agricultura",-0.339855718189272,-0.339855718189272,-0.339855718189271,-0.294134877163326,-0.339855718189272,-0.335407942514824,-0.339855718189272,-0.324105570234271,-0.300199269774439,-0.234032492627029,"Bajo"
"Agricultura",1.8763141951633,1.8763141951633,1.8763141951633,0.838496980969932,1.8763141951633,1.38424114136285,1.8763141951633,1.91545830855682,2.0671490347135,4.61739034396383,"Alto"
"Agricultura",0.605522647222739,0.605522647222738,0.605522647222739,-0.0538796345289985,0.605522647222738,1.08934677711906,0.605522647222738,0.734331514627609,0.506733950580523,-0.11185235254142,"Medio"
"Agricultura",-0.517577896868104,-0.517577896868104,-0.517577896868103,-0.342185925690191,-0.517577896868104,-0.476038634103839,-0.517577896868104,-0.512093359321695,-0.487888459404939,-0.242273537759,"Bajo"
"Agricultura",-0.509856313390266,-0.509856313390266,-0.509856313390265,0.383156092548683,-0.509856313390266,-0.470479948371671,-0.509856313390266,-0.499584400506015,-0.479733834268148,-0.241848193494124,"Bajo"
"Agricultura",-0.34153250070346,-0.34153250070346,-0.341532500703459,1.47002504732302,-0.34153250070346,-0.35050160012334,-0.34153250070346,-0.333047585471761,-0.503474749198652,-0.234511004925014,"Bajo"
"Agricultura",-0.334825370646706,-0.334825370646706,-0.334825370646706,1.63248335424718,-0.334825370646706,-0.307289919066703,-0.334825370646706,-0.367796519685097,-0.294886810401937,-0.229141033580956,"Bajo"
"Agricultura",-0.35123268754804,-0.35123268754804,-0.35123268754804,-1.5617673002054,-0.35123268754804,-0.35838654849768,-0.35123268754804,-0.356347781426068,-0.310085943068749,-0.236744062315613,"Bajo"
"Agricultura",-0.328587739693925,-0.328587739693925,-0.328587739693925,-0.680831410546195,-0.328587739693925,-0.3389649603921,-0.328587739693925,-0.294961833072377,-0.324000485778873,-0.231374090971554,"Bajo"
"Agricultura",-0.345942438715776,-0.345942438715776,-0.345942438715775,1.2801089983835,-0.345942438715776,-0.318501964010663,-0.345942438715776,-0.360728382640757,-0.33541584255788,-0.228130840951876,"Bajo"
"Agricultura",-0.338380149576786,-0.338380149576786,-0.338380149576785,0.959768674871068,-0.338380149576786,-0.295645081073037,-0.338380149576786,-0.311917143214787,-0.332709191108111,-0.227545992587671,"Bajo"
"Agricultura",-0.519045081568019,-0.519045081568019,-0.519045081568018,-0.861594878813928,-0.519045081568019,-0.475186572787229,-0.519045081568019,-0.511337233033231,-0.491277715283554,-0.242220369725891,"Bajo"
"Agricultura",-0.505739812317933,-0.505739812317933,-0.505739812317933,-1.58236060671691,-0.505739812317933,-0.465759799173309,-0.505739812317933,-0.500858308926797,-0.481547526538129,-0.241316513163029,"Bajo"
"Agricultura",-0.497808631025822,-0.497808631025822,-0.497808631025822,-0.943968104859983,-0.497808631025822,-0.458591664287545,-0.497808631025822,-0.494086047386639,-0.474494071708112,-0.241795025461015,"Bajo"
"Agricultura",2.82699119332014,2.82699119332014,2.82699119332014,-1.52286883235031,2.82699119332014,1.58715345776119,2.82699119332014,2.97483233251528,2.48235743831827,-0.0410325324395784,"Alto"
"Agricultura",-0.526741513308144,-0.526741513308143,-0.526741513308143,0.220697785624518,-0.526741513308144,-0.474591482343883,-0.526741513308144,-0.518553307829662,-0.500225015279347,-0.242114033659672,"Bajo"
"Agricultura",-0.505119402787684,-0.505119402787684,-0.505119402787683,0.877395448825013,-0.505119402787684,-0.462865495653397,-0.505119402787684,-0.497431084336693,-0.480995776371722,-0.241103841030591,"Bajo"
"Agricultura",-0.311518093699487,-0.311518093699487,-0.311518093699486,-0.282694151323596,-0.311518093699487,-0.335137446858758,-0.311518093699487,-0.292356484882777,-0.28826124155401,-0.232118443435087,"Bajo"
"Agricultura",-0.32961057702758,-0.32961057702758,-0.32961057702758,1.14739657864264,-0.32961057702758,-0.306113262962814,-0.32961057702758,-0.304372317858155,-0.324910127945112,-0.234883181156781,"Bajo"
"Agricultura",-0.494178396882604,-0.494178396882604,-0.494178396882604,0.573072141488199,-0.494178396882604,-0.47157545577874,-0.494178396882604,-0.480788087226474,-0.46317666922385,-0.242060865626562,"Bajo"
"Agricultura",-0.525165337744806,-0.525165337744806,-0.525165337744806,-1.3581223802582,-0.525165337744806,-0.47327957841196,-0.525165337744806,-0.512923454486205,-0.498823271613339,-0.242220369725891,"Bajo"
"Agricultura",-0.290767910086405,-0.290767910086405,-0.290767910086405,0.43578343141144,-0.290767910086405,-0.399894106921097,-0.290767910086405,-0.272376669586509,-0.290366093878021,-0.238392271342007,"Bajo"
"Agricultura",1.51509332204425,1.51509332204425,1.51509332204425,0.801886658282796,1.51509332204425,1.03040577366215,1.51509332204425,1.8255285928136,1.31564443103351,-0.161564463498793,"Medio"
"Agricultura",0.907569865416072,0.907569865416072,0.907569865416072,-0.818120120622954,0.907569865416072,0.817038800156837,0.907569865416072,1.08583983235943,1.0333064147996,2.67114225089565,"Medio"
"Agricultura",-0.523974822159733,-0.523974822159733,-0.523974822159732,-1.12701971829566,-0.523974822159733,-0.475971010189822,-0.523974822159733,-0.512956329542225,-0.333913721370045,-0.24232670579211,"Bajo"
"Agricultura",0.864434635238575,0.864434635238574,0.864434635238575,-1.34439350925053,0.864434635238574,0.675691295079246,0.864434635238574,0.909950063887439,0.862132636146751,-0.190806881709013,"Medio"
"Agricultura",-0.282409149253176,-0.282409149253176,-0.282409149253175,0.229850366296303,-0.282409149253176,-0.343374039585985,-0.282409149253176,-0.261503244807833,-0.282932378798183,-0.233128636064168,"Bajo"
"Agricultura",-0.301750835554339,-0.30175083555434,-0.301750835554339,0.936887223191609,-0.30175083555434,-0.407102816155271,-0.30175083555434,-0.308900856824935,-0.497108931653729,-0.238020095110241,"Bajo"
"Agricultura",2.72138743057656,2.72138743057656,2.72138743057656,0.255019963143708,2.72138743057656,2.32635046187714,2.72138743057656,2.15641603165677,2.96901003238945,6.31517800828509,"Alto"
"Agricultura",-0.289065975834504,-0.289065975834504,-0.289065975834503,-0.893628911165171,-0.289065975834504,-0.278698528220466,-0.289065975834504,-0.24770394004336,-0.266297111281004,-0.227173816355905,"Bajo"
"Agricultura",-0.523781992170601,-0.523781992170601,-0.5237819921706,1.26638012737583,-0.523781992170601,-0.471264385774264,-0.523781992170601,-0.515561677731825,-0.497593017863918,-0.242220369725891,"Bajo"
"Agricultura",-0.519481045021708,-0.519481045021708,-0.519481045021707,-1.40846157395302,-0.519481045021708,-0.471683654041167,-0.519481045021708,-0.51381108099875,-0.489898339867536,-0.241954529560343,"Bajo"
"Agricultura",-0.279826904181326,-0.279826904181326,-0.279826904181325,1.51121166034605,-0.279826904181326,-0.359779601126423,-0.279826904181326,-0.278220210794097,-0.23680392126258,-0.234883181156781,"Bajo"
"Agricultura",-0.279893975481893,-0.279893975481893,-0.279893975481893,0.174934882265599,-0.279893975481893,-0.273748457714448,-0.279893975481893,-0.308728262780829,-0.500774901424922,-0.226163623726824,"Bajo"
"Agricultura",-0.524243107362003,-0.524243107362003,-0.524243107362002,0.735530448412362,-0.524243107362003,-0.472251694918907,-0.524243107362003,-0.513161798642351,-0.491954075242611,-0.242167201692781,"Bajo"
"Agricultura",0.105388726715754,0.105388726715754,0.105388726715755,-1.22312181534939,0.105388726715754,0.355316240033989,0.105388726715754,0.152221116442193,0.177219803902125,1.05952661243496,"Bajo"
"Agricultura",-0.253467883058283,-0.253467883058283,-0.253467883058283,-1.40159713844918,-0.253467883058283,-0.32917301764249,-0.253467883058283,-0.216941106372472,-0.311878199099156,-0.229885386044489,"Bajo"
"Agricultura",-0.535972201048751,-0.535972201048751,-0.53597220104875,-1.49083479999907,-0.535972201048751,-0.476322654542709,-0.535972201048751,-0.526048820602264,-0.508434163025487,-0.242273537759,"Bajo"
"Agricultura",-0.245830138706155,-0.245830138706155,-0.245830138706155,1.69426327378173,-0.245830138706155,-0.253988750038784,-0.245830138706155,-0.257550019321406,-0.197600487521638,0.35391314344534,"Bajo"
"Agricultura",-0.286458579024941,-0.286458579024941,-0.28645857902494,0.0971379465554358,-0.286458579024941,-0.331134111148972,-0.286458579024941,-0.290581231857687,-0.240959103301251,-0.236318718050737,"Bajo"
"Agricultura",-0.53480683720139,-0.53480683720139,-0.534806837201389,1.36019407926161,-0.53480683720139,-0.477404637166975,-0.53480683720139,-0.526541946442567,-0.488923363771119,-0.242433041858329,"Bajo"
"Agricultura",-0.237521681348351,-0.237521681348352,-0.237521681348351,-0.943968104859983,-0.237521681348352,-0.216362804279923,-0.237521681348352,-0.206700526422184,-0.288565542954909,-0.23185260326954,"Bajo"
"Agricultura",-0.224526616863391,-0.224526616863391,-0.224526616863391,0.644004641694524,-0.224526616863391,-0.304327991632774,-0.224526616863391,-0.258659552462087,-0.28114096157715,-0.234564172958124,"Bajo"
"Agricultura",-0.234645999336518,-0.234645999336518,-0.234645999336518,1.68053440277405,-0.234645999336518,-0.227060907477356,-0.234645999336518,-0.19612297714769,-0.18566478932725,-0.220421476150999,"Bajo"
"Agricultura",4.388126017505,4.388126017505,4.388126017505,0.200104479113004,4.388126017505,5.15142061861929,4.388126017505,4.79303661829565,4.30923802849262,0.150425554787697,"Alto"
"Agricultura",-0.527638591953234,-0.527638591953234,-0.527638591953234,0.728666012908525,-0.527638591953234,-0.476376753673922,-0.527638591953234,-0.518347838729536,-0.507246595353129,-0.242379873825219,"Bajo"
"Agricultura",-0.250952709287001,-0.250952709287001,-0.250952709287,-0.646509233027006,-0.250952709287001,-0.236149561521193,-0.250952709287001,-0.266656409838997,-0.25495715414467,-0.23084241064046,"Bajo"
"Agricultura",-0.240162613808198,-0.240162613808198,-0.240162613808198,0.936887223191609,-0.240162613808198,-0.286258881807527,-0.240162613808198,-0.266549565906932,-0.194915179110401,-0.225312935197073,"Bajo"
"Agricultura",-0.508858627794324,-0.508858627794324,-0.508858627794323,0.696631980557281,-0.508858627794324,-0.471129137946231,-0.508858627794324,-0.499485775337954,-0.478680196492602,-0.241954529560343,"Bajo"
"Agricultura",-0.200976206451615,-0.200976206451615,-0.200976206451614,0.833920690634039,-0.200976206451615,-0.222476006107028,-0.200976206451615,-0.21744245097678,-0.210511441415568,-0.230151226210036,"Bajo"
"Agricultura",2.59182244570522,2.59182244570521,2.59182244570522,0.339681334357709,2.59182244570522,1.17302460832326,2.59182244570522,2.904348212408,2.55197637958554,-0.171772725855816,"Alto"
"Agricultura",-0.518692957240039,-0.518692957240039,-0.518692957240038,-1.54575028402977,-0.518692957240039,-0.474916077131163,-0.518692957240039,-0.513087829766306,-0.493067175282713,-0.24232670579211,"Bajo"
"Agricultura",-0.521115907973041,-0.521115907973041,-0.521115907973041,-1.39930899328123,-0.521115907973041,-0.4734418758056,-0.521115907973041,-0.515200052115603,-0.495221983365033,-0.242114033659672,"Bajo"
"Agricultura",0.0779901004339153,0.0779901004339151,0.0779901004339158,0.241291092136032,0.0779901004339152,-0.0106779074068959,0.0779901004339152,0.0243207109956626,0.0375822753011143,-0.226269959793043,"Bajo"
"Agricultura",1.44160832835995,1.44160832835995,1.44160832835995,0.296206576166736,1.44160832835995,1.71908771400767,1.44160832835995,1.15460623078966,1.25029186064758,-0.100208553290441,"Medio"
"Agricultura",-0.0635471115887305,-0.0635471115887306,-0.0635471115887299,-0.120235844399432,-0.0635471115887306,-0.0819940871288496,-0.0635471115887306,-0.0934706147246612,-0.0882913234730344,-0.22866252128297,"Bajo"
"Agricultura",-0.50811245957551,-0.50811245957551,-0.508112459575509,-1.31922391240312,-0.50811245957551,-0.465448729168832,-0.50811245957551,-0.498244741973192,-0.48365759812047,-0.241901361527234,"Bajo"
"Agricultura",-0.20360875499889,-0.20360875499889,-0.20360875499889,-0.481762780934896,-0.20360875499889,-0.309954301278959,-0.20360875499889,-0.213308412682242,-0.212852651581134,-0.229406873746503,"Bajo"
"Agricultura",-0.508984386482888,-0.508984386482888,-0.508984386482887,0.662309803038091,-0.508984386482888,-0.465015936119126,-0.508984386482888,-0.496411957600067,-0.481810353475505,-0.241688689394796,"Bajo"
"Agricultura",-0.522876529612939,-0.522876529612939,-0.522876529612939,-1.59151318738869,-0.522876529612939,-0.475186572787229,-0.522876529612939,-0.512652235274039,-0.493484249943975,-0.242167201692781,"Bajo"
"Agricultura",4.22702913745435,4.22702913745435,4.22702913745435,-0.488627216438733,4.22702913745435,5.78600342775149,4.22702913745435,4.34557423080491,4.52280551254116,0.0824768084737681,"Alto"
"Agricultura",-0.200515091260213,-0.200515091260213,-0.200515091260212,0.81103923895458,-0.200515091260213,-0.29699755935337,-0.200515091260213,-0.144648858184085,-0.15304414515613,-0.228875193415408,"Bajo"
"Agricultura",-0.518961242442309,-0.518961242442309,-0.518961242442309,1.44256730530767,-0.518961242442309,-0.467382773109708,-0.518961242442309,-0.508978447763783,-0.491195698366926,-0.241901361527234,"Bajo"
"Agricultura",-0.164112142877182,-0.164112142877182,-0.164112142877181,-0.976002137211226,-0.164112142877182,-0.127018089081132,-0.164112142877182,-0.123789635139277,-0.177727043014316,-0.223186213872693,"Bajo"
"Agricultura",1.32464436408273,1.32464436408273,1.32464436408273,-0.419982861400354,1.32464436408273,1.63592382455,1.32464436408273,1.12043261005667,1.14627204211315,-0.0742093850999005,"Medio"
"Agricultura",-0.505924258394494,-0.505924258394494,-0.505924258394494,1.57070343471264,-0.505924258394494,-0.466949980060002,-0.505924258394494,-0.502937656220074,-0.481711560371385,-0.241635521361686,"Bajo"
"Agricultura",-0.157555923246705,-0.157555923246705,-0.157555923246704,-0.518373103622032,-0.157555923246705,-0.324818037579818,-0.157555923246705,-0.168918868290986,-0.171896385850391,-0.231055082772898,"Bajo"
"Agricultura",-0.123726836022953,-0.123726836022953,-0.123726836022953,-0.0424389086892685,-0.123726836022953,-0.210641821154115,-0.123726836022953,-0.123896479071343,-0.141811089614537,-0.231267754905336,"Bajo"
"Agricultura",-0.168966428255757,-0.168966428255757,-0.168966428255757,-0.529813829461761,-0.168966428255757,-0.138581778377978,-0.168966428255757,-0.116491372702796,-0.502812835401047,-0.21414764824408,"Bajo"
"Agricultura",-0.527806270204653,-0.527806270204653,-0.527806270204653,-0.946256250027928,-0.527806270204653,-0.4726303888374,-0.527806270204653,-0.515463052563764,-0.501171937862235,-0.241901361527234,"Bajo"
"Agricultura",-0.514299787052865,-0.514299787052865,-0.514299787052865,1.43112657946794,-0.514299787052865,-0.470304126195227,-0.514299787052865,-0.503348594420326,-0.486635557802403,-0.241954529560343,"Bajo"
"Agricultura",-0.162930011204679,-0.162930011204679,-0.162930011204678,-1.15447746031101,-0.162930011204679,-0.16316983351443,-0.162930011204679,-0.129246894438628,-0.109129585163237,0.520462985452629,"Bajo"
"Agricultura",-0.146707140379906,-0.146707140379906,-0.146707140379905,-0.605322620003978,-0.146707140379906,-0.179210225919178,-0.146707140379906,-0.14920205344288,-0.162500229638142,-0.213403295780547,"Bajo"
"Agricultura",-0.534949363715096,-0.534949363715096,-0.534949363715095,-0.937103669356145,-0.534949363715096,-0.477309963687352,-0.534949363715096,-0.523698254096821,-0.507524520859248,-0.242379873825219,"Bajo"
"Agricultura",0.610980574306422,0.610980574306422,0.610980574306422,-0.147693586414784,0.610980574306422,1.10155965599047,0.610980574306422,0.699590799178278,0.511587860828241,-0.100421225422879,"Medio"
"Agricultura",2.1439203005152,2.1439203005152,2.1439203005152,-0.930239233852306,2.1439203005152,3.22963013096307,2.1439203005152,1.68526716630348,2.11380920419156,0.0926850708307903,"Alto"
"Agricultura",1.20613775989246,1.20613775989246,1.20613775989246,-0.829560846462684,1.20613775989246,0.774503358240367,1.20613775989246,1.23284064535369,-0.506770710834603,-0.138330033029946,"Medio"
"Agricultura",-0.515959801741912,-0.515959801741912,-0.515959801741911,-0.11565955406354,-0.515959801741912,-0.466693009186739,-0.515959801741912,-0.505773129801815,-0.490636492117189,-0.241901361527234,"Bajo"
"Agricultura",-0.0379091069467893,-0.0379091069467894,-0.0379091069467887,-1.49083479999907,-0.0379091069467894,-0.20432574758496,-0.0379091069467894,-0.0118336318625361,-0.133450583376801,-0.227758664720109,"Bajo"
"Agricultura",-0.0786465381289973,-0.0786465381289974,-0.0786465381289967,1.78350093533162,-0.0786465381289974,-0.179778266796918,-0.0786465381289974,-0.0184743931786136,-0.0243409627583117,-0.215583185138036,"Bajo"
"Agricultura",-0.521493184038734,-0.521493184038734,-0.521493184038733,1.04671819125301,-0.521493184038734,-0.475551741922919,-0.521493184038734,-0.508616822147561,-0.495557507114875,-0.242220369725891,"Bajo"
"Agricultura",-0.522507637459818,-0.522507637459818,-0.522507637459817,-0.45659318408749,-0.522507637459818,-0.476471427153546,-0.522507637459818,-0.515964397168072,-0.443784701297551,-0.242273537759,"Bajo"
"Agricultura",1.86523066274451,1.86523066274451,1.86523066274451,0.010188430173489,1.86523066274451,0.982176398185484,1.86523066274451,1.43147173382765,1.84117677162808,-0.170177684862531,"Medio"
"Agricultura",0.0363136710437617,0.0363136710437616,0.0363136710437623,0.380867947380737,0.0363136710437617,0.0292472514285312,0.0363136710437617,-0.0129842588232426,0.0970664421012703,-0.205215418681685,"Bajo"
